order_id,material,labor,overhead,target
DEMO-PO-0001,93056,49017,29354,190000
DEMO-PO-0002,51749,24815,14949,110000
DEMO-PO-0003,40758,19094,13897,70000
DEMO-PO-0004,64940,28823,11785,110000
DEMO-PO-0005,43769,15243,11588,70000
DEMO-PO-0006,33640,13944,11763,70000
DEMO-PO-0007,98427,40892,22005,190000
DEMO-PO-0008,53876,24736,12777,110000
DEMO-PO-0009,51384,26215,11761,110000
DEMO-PO-0010,52162,22766,14719,110000
DEMO-PO-0011,38296,17130,12063,70000
DEMO-PO-0012,58544,31203,11596,110000
DEMO-PO-0013,118730,35919,34352,190000
DEMO-PO-0014,33805,12618,9733,70000
DEMO-PO-0015,32300,17507,10520,70000
DEMO-PO-0016,88615,49188,29739,190000
DEMO-PO-0017,85854,48362,29697,190000
DEMO-PO-0018,122886,52602,29050,190000
DEMO-PO-0019,104706,39926,36255,190000
DEMO-PO-0020,85867,35916,35779,190000
DEMO-PO-0021,36605,20438,13805,70000
DEMO-PO-0022,42453,16058,11689,70000
DEMO-PO-0023,55629,20716,19507,110000
DEMO-PO-0024,45279,13571,13297,70000
DEMO-PO-0025,68156,29301,14304,110000
DEMO-PO-0026,56121,27033,11004,110000
DEMO-PO-0027,40794,17802,7654,70000
DEMO-PO-0028,43906,17436,12028,70000
DEMO-PO-0029,110868,56724,30314,190000
DEMO-PO-0030,63288,23425,11852,110000
DEMO-PO-0031,37308,15379,10261,70000
DEMO-PO-0032,61341,29497,19799,110000
DEMO-PO-0033,106947,34818,31212,190000
DEMO-PO-0034,34639,13176,13701,70000
DEMO-PO-0035,91876,48045,33211,190000
DEMO-PO-0036,39906,13617,13887,70000
DEMO-PO-0037,52866,22125,16739,110000
DEMO-PO-0038,40045,15784,7201,70000
DEMO-PO-0039,40543,16723,12551,70000
DEMO-PO-0040,59482,23847,13536,110000
DEMO-PO-0041,55726,21127,13135,110000
DEMO-PO-0042,118502,45392,35582,190000
DEMO-PO-0043,63348,20508,12641,110000
DEMO-PO-0044,71281,23831,17831,110000
DEMO-PO-0045,34741,18538,11921,70000
DEMO-PO-0046,43039,20338,10074,70000
DEMO-PO-0047,107811,34673,33530,190000
DEMO-PO-0048,57155,24200,18371,110000
DEMO-PO-0049,36026,20750,9829,70000
DEMO-PO-0050,55375,21529,14168,110000
DEMO-PO-0051,32805,20935,13391,70000
DEMO-PO-0052,59549,21709,13097,110000
DEMO-PO-0053,68536,25694,16328,110000
DEMO-PO-0054,57994,28561,20028,110000
DEMO-PO-0055,88343,52019,24035,190000
DEMO-PO-0056,41082,15014,8592,70000
DEMO-PO-0057,33538,17062,10961,70000
DEMO-PO-0058,64170,31666,16118,110000
DEMO-PO-0059,55002,30958,13191,110000
DEMO-PO-0060,71015,28489,14019,110000
DEMO-PO-0061,111372,37319,20846,190000
DEMO-PO-0062,38525,14889,8152,70000
DEMO-PO-0063,49806,26883,16003,110000
DEMO-PO-0064,110111,48687,27821,190000
DEMO-PO-0065,70386,28994,16942,110000
DEMO-PO-0066,57391,25055,13088,110000
DEMO-PO-0067,114926,52181,30324,190000
DEMO-PO-0068,55338,21473,15631,110000
DEMO-PO-0069,87148,52058,35473,190000
DEMO-PO-0070,44236,13217,7566,70000
DEMO-PO-0071,104711,44009,34069,190000
DEMO-PO-0072,69806,20686,20149,110000
DEMO-PO-0073,50632,23597,14437,110000
DEMO-PO-0074,62999,28284,11289,110000
DEMO-PO-0075,37851,13922,9181,70000
DEMO-PO-0076,95880,51413,21163,190000
DEMO-PO-0077,42243,19019,9026,70000
DEMO-PO-0078,62167,27369,18804,110000
DEMO-PO-0079,56969,24197,12849,110000
DEMO-PO-0080,33980,19092,10459,70000
DEMO-PO-0081,86929,42607,24454,190000
DEMO-PO-0082,70570,25747,19921,110000
DEMO-PO-0083,61000,21895,15101,110000
DEMO-PO-0084,68234,32530,17630,110000
DEMO-PO-0085,112208,55794,37946,190000
DEMO-PO-0086,38608,17134,12171,70000
DEMO-PO-0087,40969,14595,10109,70000
DEMO-PO-0088,114739,51941,28555,190000
DEMO-PO-0089,70054,29190,16675,110000
DEMO-PO-0090,43885,20416,9904,70000
DEMO-PO-0091,41245,13766,11939,70000
DEMO-PO-0092,37900,13531,13336,70000
DEMO-PO-0093,122537,35743,28995,190000
DEMO-PO-0094,65941,24514,11743,110000
DEMO-PO-0095,92153,51964,27828,190000
DEMO-PO-0096,55073,29743,13102,110000
DEMO-PO-0097,120624,46039,34222,190000
DEMO-PO-0098,37466,18394,9461,70000
DEMO-PO-0099,36629,15816,10971,70000
DEMO-PO-0100,50070,22256,16695,110000
DEMO-PO-0101,52486,20777,12899,110000
DEMO-PO-0102,42589,14589,10458,70000
DEMO-PO-0103,51123,32635,18066,110000
DEMO-PO-0104,60898,23814,12782,110000
DEMO-PO-0105,121281,37716,31516,190000
DEMO-PO-0106,40154,12854,13223,70000
DEMO-PO-0107,37654,16668,8428,70000
DEMO-PO-0108,32208,20541,13049,70000
DEMO-PO-0109,51481,24991,16030,110000
DEMO-PO-0110,113145,51616,25953,190000
DEMO-PO-0111,122553,43181,34103,190000
DEMO-PO-0112,33419,15398,10316,70000
DEMO-PO-0113,60277,27231,16224,110000
DEMO-PO-0114,91115,49721,19600,190000
DEMO-PO-0115,39352,20984,10349,70000
DEMO-PO-0116,103899,56027,24301,190000
DEMO-PO-0117,55516,21409,18443,110000
DEMO-PO-0118,103705,38807,29233,190000
DEMO-PO-0119,37286,18626,7704,70000
DEMO-PO-0120,35496,13097,12381,70000
DEMO-PO-0121,70667,32024,20644,110000
DEMO-PO-0122,41560,12718,9360,70000
DEMO-PO-0123,59328,23324,14626,110000
DEMO-PO-0124,40105,14441,7935,70000
DEMO-PO-0125,111353,47785,33960,190000
DEMO-PO-0126,117970,44274,31926,190000
DEMO-PO-0127,55098,19840,13397,110000
DEMO-PO-0128,71023,28326,15624,110000
DEMO-PO-0129,38947,19516,8733,70000
DEMO-PO-0130,94800,35209,27340,190000
DEMO-PO-0131,50841,32320,20677,110000
DEMO-PO-0132,56116,29140,19864,110000
DEMO-PO-0133,65441,22314,13953,110000
DEMO-PO-0134,70118,32499,12290,110000
DEMO-PO-0135,51669,32753,16164,110000
DEMO-PO-0136,38490,18099,11794,70000
DEMO-PO-0137,32179,12654,7962,70000
DEMO-PO-0138,104038,34351,29481,190000
DEMO-PO-0139,89567,36396,21829,190000
DEMO-PO-0140,71285,22781,18524,110000
DEMO-PO-0141,71001,32655,20843,110000
DEMO-PO-0142,120793,41370,37268,190000
DEMO-PO-0143,113018,45618,37512,190000
DEMO-PO-0144,94169,46809,26133,190000
DEMO-PO-0145,97534,36629,19099,190000
DEMO-PO-0146,43592,12704,9897,70000
DEMO-PO-0147,60153,20815,13769,110000
DEMO-PO-0148,52495,24033,21420,110000
DEMO-PO-0149,53896,32964,12979,110000
DEMO-PO-0150,56162,23135,12696,110000
DEMO-PO-0151,86897,56280,32331,190000
DEMO-PO-0152,122877,49646,26593,190000
DEMO-PO-0153,107560,47315,27470,190000
DEMO-PO-0154,44388,13321,12819,70000
DEMO-PO-0155,88053,35219,32505,190000
DEMO-PO-0156,92509,48803,27211,190000
DEMO-PO-0157,36621,14255,7798,70000
DEMO-PO-0158,43337,17786,12696,70000
DEMO-PO-0159,58701,21620,15221,110000
DEMO-PO-0160,38285,14239,9688,70000
DEMO-PO-0161,31932,18993,9045,70000
DEMO-PO-0162,43026,15682,12758,70000
DEMO-PO-0163,37796,15528,12717,70000
DEMO-PO-0164,107163,46336,30340,190000
DEMO-PO-0165,52717,24052,13723,110000
DEMO-PO-0166,56700,19833,19515,110000
DEMO-PO-0167,61541,21524,20377,110000
DEMO-PO-0168,89047,42418,20566,190000
DEMO-PO-0169,98556,36950,35346,190000
DEMO-PO-0170,33798,15550,8491,70000
DEMO-PO-0171,54951,28309,13730,110000
DEMO-PO-0172,61122,32706,21856,110000
DEMO-PO-0173,121550,43274,24443,190000
DEMO-PO-0174,36075,17526,12343,70000
DEMO-PO-0175,40024,15198,12192,70000
DEMO-PO-0176,42300,12847,12650,70000
DEMO-PO-0177,44020,18263,7807,70000
DEMO-PO-0178,97728,43691,32685,190000
DEMO-PO-0179,43778,19875,12415,70000
DEMO-PO-0180,65614,27015,19756,110000
DEMO-PO-0181,54014,32777,15618,110000
DEMO-PO-0182,51368,21062,12469,110000
DEMO-PO-0183,67802,24107,15980,110000
DEMO-PO-0184,56283,23298,12319,110000
DEMO-PO-0185,35684,19489,8217,70000
DEMO-PO-0186,32677,17523,13422,70000
DEMO-PO-0187,36858,16184,9478,70000
DEMO-PO-0188,34988,20950,10806,70000
DEMO-PO-0189,87726,56807,29059,190000
DEMO-PO-0190,36523,17569,11924,70000
DEMO-PO-0191,34321,13696,12019,70000
DEMO-PO-0192,36016,20797,12126,70000
DEMO-PO-0193,92253,34241,32338,190000
DEMO-PO-0194,68977,20971,18799,110000
DEMO-PO-0195,68960,26309,15166,110000
DEMO-PO-0196,36285,20059,8126,70000
DEMO-PO-0197,39258,20375,10781,70000
DEMO-PO-0198,96589,36068,35032,190000
DEMO-PO-0199,61913,21795,18661,110000
DEMO-PO-0200,119003,45059,20500,190000
DEMO-PO-0201,67286,21466,15657,110000
DEMO-PO-0202,109176,46114,26972,190000
DEMO-PO-0203,57927,26210,17699,110000
DEMO-PO-0204,69235,20067,19991,110000
DEMO-PO-0205,120210,43483,28205,190000
DEMO-PO-0206,44352,18519,8918,70000
DEMO-PO-0207,91714,54594,33230,190000
DEMO-PO-0208,86262,51991,33584,190000
DEMO-PO-0209,55044,25960,18449,110000
DEMO-PO-0210,97855,40513,31466,190000
DEMO-PO-0211,69452,25141,19104,110000
DEMO-PO-0212,95329,52630,33495,190000
DEMO-PO-0213,43630,17502,13610,70000
DEMO-PO-0214,33505,19844,8262,70000
DEMO-PO-0215,33312,16243,10006,70000
DEMO-PO-0216,34168,18285,11387,70000
DEMO-PO-0217,71400,24324,20915,110000
DEMO-PO-0218,99430,49032,19710,190000
DEMO-PO-0219,33121,16332,7865,70000
DEMO-PO-0220,40219,18486,9932,70000
DEMO-PO-0221,43141,20774,9505,70000
DEMO-PO-0222,40866,13853,7631,70000
DEMO-PO-0223,51590,29808,11505,110000
DEMO-PO-0224,43200,18395,10348,70000
DEMO-PO-0225,118938,50782,35943,190000
DEMO-PO-0226,64641,27961,15761,110000
DEMO-PO-0227,88345,45410,23577,190000
DEMO-PO-0228,49891,25125,11394,110000
DEMO-PO-0229,41533,15652,10168,70000
DEMO-PO-0230,55094,22386,12328,110000
DEMO-PO-0231,70705,19857,19098,110000
DEMO-PO-0232,43839,16117,11263,70000
DEMO-PO-0233,113499,46822,23130,190000
DEMO-PO-0234,38225,17393,11670,70000
DEMO-PO-0235,71138,28821,12611,110000
DEMO-PO-0236,101330,52169,32018,190000
DEMO-PO-0237,53613,22094,16652,110000
DEMO-PO-0238,43304,15130,12529,70000
DEMO-PO-0239,55959,32344,17801,110000
DEMO-PO-0240,43010,15750,12620,70000
DEMO-PO-0241,40313,14391,11798,70000
DEMO-PO-0242,88826,35437,34090,190000
DEMO-PO-0243,40157,18950,11099,70000
DEMO-PO-0244,33409,15884,12582,70000
DEMO-PO-0245,35766,18886,13325,70000
DEMO-PO-0246,103028,46732,24522,190000
DEMO-PO-0247,35949,16385,11314,70000
DEMO-PO-0248,98099,45143,27462,190000
DEMO-PO-0249,109502,52728,29999,190000
DEMO-PO-0250,64079,30993,19872,110000
DEMO-PO-0251,34744,14821,8638,70000
DEMO-PO-0252,107832,54680,20479,190000
DEMO-PO-0253,34720,16922,8966,70000
DEMO-PO-0254,49994,20370,17308,110000
DEMO-PO-0255,113163,52926,36998,190000
DEMO-PO-0256,116677,38347,31533,190000
DEMO-PO-0257,108509,38245,36131,190000
DEMO-PO-0258,110171,46103,26037,190000
DEMO-PO-0259,120083,36111,30368,190000
DEMO-PO-0260,58874,27527,13874,110000
DEMO-PO-0261,57076,29113,19094,110000
DEMO-PO-0262,59078,20646,13439,110000
DEMO-PO-0263,53938,28471,19843,110000
DEMO-PO-0264,34850,12602,8102,70000
DEMO-PO-0265,39194,18700,10914,70000
DEMO-PO-0266,36260,13583,10593,70000
DEMO-PO-0267,52058,20692,17970,110000
DEMO-PO-0268,51546,28693,20032,110000
DEMO-PO-0269,64528,31811,16489,110000
DEMO-PO-0270,111181,49326,30663,190000
DEMO-PO-0271,32258,19314,10348,70000
DEMO-PO-0272,118250,38467,23994,190000
DEMO-PO-0273,67412,29315,19845,110000
DEMO-PO-0274,68387,20430,12089,110000
DEMO-PO-0275,49936,21400,20541,110000
DEMO-PO-0276,63593,32057,15640,110000
DEMO-PO-0277,58608,22227,11254,110000
DEMO-PO-0278,51786,27959,11927,110000
DEMO-PO-0279,52473,32320,16932,110000
DEMO-PO-0280,67438,30993,14783,110000
DEMO-PO-0281,94996,50501,31274,190000
DEMO-PO-0282,33413,13527,10187,70000
DEMO-PO-0283,52815,26315,14761,110000
DEMO-PO-0284,34985,19078,10101,70000
DEMO-PO-0285,121122,46077,23813,190000
DEMO-PO-0286,53182,23445,12316,110000
DEMO-PO-0287,44532,20975,11376,70000
DEMO-PO-0288,111691,42366,21560,190000
DEMO-PO-0289,120250,46843,20309,190000
DEMO-PO-0290,110515,46488,26362,190000
DEMO-PO-0291,32883,17397,12854,70000
DEMO-PO-0292,67122,20601,17138,110000
DEMO-PO-0293,65454,26818,13084,110000
DEMO-PO-0294,53170,22181,15417,110000
DEMO-PO-0295,116894,41575,23574,190000
DEMO-PO-0296,96913,39259,35259,190000
DEMO-PO-0297,51522,25077,21097,110000
DEMO-PO-0298,98721,52831,26914,190000
DEMO-PO-0299,87420,50880,26465,190000
DEMO-PO-0300,50585,25069,11936,110000
DEMO-PO-0301,32754,18243,9965,70000
DEMO-PO-0302,44439,14561,11798,70000
DEMO-PO-0303,31818,14356,10766,70000
DEMO-PO-0304,32243,18100,7058,70000
DEMO-PO-0305,103917,47814,20672,190000
DEMO-PO-0306,57318,23791,21956,110000
DEMO-PO-0307,113236,46072,31882,190000
DEMO-PO-0308,97242,50277,28952,190000
DEMO-PO-0309,97569,54256,32815,190000
DEMO-PO-0310,35236,17363,8616,70000
DEMO-PO-0311,53752,20225,19410,110000
DEMO-PO-0312,97846,44632,23689,190000
DEMO-PO-0313,43078,12956,13971,70000
DEMO-PO-0314,59650,25377,17744,110000
DEMO-PO-0315,50048,25789,20863,110000
DEMO-PO-0316,115561,45866,37045,190000
DEMO-PO-0317,41722,20672,9021,70000
DEMO-PO-0318,62455,26079,15512,110000
DEMO-PO-0319,87359,37580,31412,190000
DEMO-PO-0320,40909,17733,11841,70000
DEMO-PO-0321,68407,24146,15551,110000
DEMO-PO-0322,105465,56887,25723,190000
DEMO-PO-0323,43373,19316,13993,70000
DEMO-PO-0324,98472,50716,30704,190000
DEMO-PO-0325,103074,52763,36628,190000
DEMO-PO-0326,38980,13994,11240,70000
DEMO-PO-0327,61052,22110,15116,110000
DEMO-PO-0328,40974,13715,12072,70000
DEMO-PO-0329,97693,38590,24256,190000
DEMO-PO-0330,55463,32251,19844,110000
DEMO-PO-0331,32983,13052,9985,70000
DEMO-PO-0332,116388,55169,27897,190000
DEMO-PO-0333,37846,12854,10327,70000
DEMO-PO-0334,101211,48356,29411,190000
DEMO-PO-0335,117296,36807,30325,190000
DEMO-PO-0336,69372,28197,11002,110000
DEMO-PO-0337,112776,55065,37815,190000
DEMO-PO-0338,118227,53937,23470,190000
DEMO-PO-0339,33447,17266,12903,70000
DEMO-PO-0340,122549,37296,21607,190000
DEMO-PO-0341,60538,25223,17008,110000
DEMO-PO-0342,119317,36217,27977,190000
DEMO-PO-0343,62127,24176,14882,110000
DEMO-PO-0344,116238,48434,24449,190000
DEMO-PO-0345,37753,19386,8829,70000
DEMO-PO-0346,94542,44236,31114,190000
DEMO-PO-0347,99932,50288,28017,190000
DEMO-PO-0348,118118,41837,24075,190000
DEMO-PO-0349,89213,36569,27473,190000
DEMO-PO-0350,121896,36170,30489,190000
DEMO-PO-0351,64729,28612,19471,110000
DEMO-PO-0352,62927,22155,16413,110000
DEMO-PO-0353,40640,12607,7265,70000
DEMO-PO-0354,54469,24874,18582,110000
DEMO-PO-0355,66230,23627,13234,110000
DEMO-PO-0356,88725,48628,32971,190000
DEMO-PO-0357,35808,17085,12840,70000
DEMO-PO-0358,107515,55286,19701,190000
DEMO-PO-0359,92045,35339,24839,190000
DEMO-PO-0360,64425,24080,21734,110000
