order_id,stage,planned_date,completed_date
DEMO-PO-0001,Development,2026-07-03,
DEMO-PO-0001,Sample,2026-07-23,
DEMO-PO-0001,Approval,2026-08-12,
DEMO-PO-0001,Production ready,2026-08-27,
DEMO-PO-0002,Development,2026-04-10,2026-04-14
DEMO-PO-0002,Sample,2026-04-30,2026-05-10
DEMO-PO-0002,Approval,2026-05-20,
DEMO-PO-0002,Production ready,2026-06-04,2026-06-09
DEMO-PO-0003,Development,2026-08-09,
DEMO-PO-0003,Sample,2026-08-29,
DEMO-PO-0003,Approval,2026-09-18,
DEMO-PO-0003,Production ready,2026-10-03,
DEMO-PO-0004,Development,2026-04-25,2026-04-28
DEMO-PO-0004,Sample,2026-05-15,2026-05-23
DEMO-PO-0004,Approval,2026-06-04,2026-06-17
DEMO-PO-0004,Production ready,2026-06-19,2026-06-25
DEMO-PO-0005,Development,2026-02-12,2026-02-22
DEMO-PO-0005,Sample,2026-03-04,2026-03-04
DEMO-PO-0005,Approval,2026-03-24,2026-04-06
DEMO-PO-0005,Production ready,2026-04-08,2026-04-22
DEMO-PO-0006,Development,2026-04-21,2026-04-29
DEMO-PO-0006,Sample,2026-05-11,2026-05-21
DEMO-PO-0006,Approval,2026-05-31,2026-06-13
DEMO-PO-0006,Production ready,2026-06-15,2026-06-11
DEMO-PO-0007,Development,2026-10-02,
DEMO-PO-0007,Sample,2026-10-22,
DEMO-PO-0007,Approval,2026-11-11,
DEMO-PO-0007,Production ready,2026-11-26,
DEMO-PO-0008,Development,2026-09-03,
DEMO-PO-0008,Sample,2026-09-23,
DEMO-PO-0008,Approval,2026-10-13,
DEMO-PO-0008,Production ready,2026-10-28,
DEMO-PO-0009,Development,2026-04-21,2026-04-21
DEMO-PO-0009,Sample,2026-05-11,2026-05-24
DEMO-PO-0009,Approval,2026-05-31,2026-06-12
DEMO-PO-0009,Production ready,2026-06-15,2026-06-24
DEMO-PO-0010,Development,2026-03-26,2026-04-09
DEMO-PO-0010,Sample,2026-04-15,2026-04-13
DEMO-PO-0010,Approval,2026-05-05,2026-05-02
DEMO-PO-0010,Production ready,2026-05-20,2026-05-17
DEMO-PO-0011,Development,2026-07-08,
DEMO-PO-0011,Sample,2026-07-28,
DEMO-PO-0011,Approval,2026-08-17,
DEMO-PO-0011,Production ready,2026-09-01,
DEMO-PO-0012,Development,2026-09-20,
DEMO-PO-0012,Sample,2026-10-10,
DEMO-PO-0012,Approval,2026-10-30,
DEMO-PO-0012,Production ready,2026-11-14,
DEMO-PO-0013,Development,2026-01-23,2026-01-20
DEMO-PO-0013,Sample,2026-02-12,2026-02-25
DEMO-PO-0013,Approval,2026-03-04,2026-03-02
DEMO-PO-0013,Production ready,2026-03-19,2026-03-22
DEMO-PO-0014,Development,2026-06-21,2026-06-30
DEMO-PO-0014,Sample,2026-07-11,
DEMO-PO-0014,Approval,2026-07-31,
DEMO-PO-0014,Production ready,2026-08-15,
DEMO-PO-0015,Development,2026-03-18,2026-03-15
DEMO-PO-0015,Sample,2026-04-07,2026-04-05
DEMO-PO-0015,Approval,2026-04-27,2026-04-25
DEMO-PO-0015,Production ready,2026-05-12,2026-05-15
DEMO-PO-0016,Development,2026-08-10,
DEMO-PO-0016,Sample,2026-08-30,
DEMO-PO-0016,Approval,2026-09-19,
DEMO-PO-0016,Production ready,2026-10-04,
DEMO-PO-0017,Development,2025-12-24,2026-01-06
DEMO-PO-0017,Sample,2026-01-13,2026-01-17
DEMO-PO-0017,Approval,2026-02-02,2026-02-09
DEMO-PO-0017,Production ready,2026-02-17,2026-02-20
DEMO-PO-0018,Development,2026-05-30,2026-05-29
DEMO-PO-0018,Sample,2026-06-19,2026-06-19
DEMO-PO-0018,Approval,2026-07-09,2026-07-08
DEMO-PO-0018,Production ready,2026-07-24,
DEMO-PO-0019,Development,2026-03-11,2026-03-20
DEMO-PO-0019,Sample,2026-03-31,
DEMO-PO-0019,Approval,2026-04-20,2026-04-20
DEMO-PO-0019,Production ready,2026-05-05,2026-05-09
DEMO-PO-0020,Development,2026-07-27,
DEMO-PO-0020,Sample,2026-08-16,
DEMO-PO-0020,Approval,2026-09-05,
DEMO-PO-0020,Production ready,2026-09-20,
DEMO-PO-0021,Development,2026-05-26,2026-05-28
DEMO-PO-0021,Sample,2026-06-15,2026-06-14
DEMO-PO-0021,Approval,2026-07-05,
DEMO-PO-0021,Production ready,2026-07-20,
DEMO-PO-0022,Development,2026-02-16,2026-02-17
DEMO-PO-0022,Sample,2026-03-08,2026-03-07
DEMO-PO-0022,Approval,2026-03-28,2026-03-25
DEMO-PO-0022,Production ready,2026-04-12,2026-04-15
DEMO-PO-0023,Development,2026-04-15,2026-04-27
DEMO-PO-0023,Sample,2026-05-05,2026-05-18
DEMO-PO-0023,Approval,2026-05-25,
DEMO-PO-0023,Production ready,2026-06-09,2026-06-13
DEMO-PO-0024,Development,2025-11-06,2025-11-03
DEMO-PO-0024,Sample,2025-11-26,2025-11-22
DEMO-PO-0024,Approval,2025-12-16,2025-12-29
DEMO-PO-0024,Production ready,2025-12-31,2026-01-02
DEMO-PO-0025,Development,2026-09-23,
DEMO-PO-0025,Sample,2026-10-13,
DEMO-PO-0025,Approval,2026-11-02,
DEMO-PO-0025,Production ready,2026-11-17,
DEMO-PO-0026,Development,2026-01-24,2026-02-02
DEMO-PO-0026,Sample,2026-02-13,2026-02-28
DEMO-PO-0026,Approval,2026-03-05,2026-03-15
DEMO-PO-0026,Production ready,2026-03-20,2026-03-22
DEMO-PO-0027,Development,2026-09-20,
DEMO-PO-0027,Sample,2026-10-10,
DEMO-PO-0027,Approval,2026-10-30,
DEMO-PO-0027,Production ready,2026-11-14,
DEMO-PO-0028,Development,2025-11-10,2025-11-18
DEMO-PO-0028,Sample,2025-11-30,2025-11-26
DEMO-PO-0028,Approval,2025-12-20,2025-12-19
DEMO-PO-0028,Production ready,2026-01-04,2026-01-07
DEMO-PO-0029,Development,2025-11-12,2025-11-24
DEMO-PO-0029,Sample,2025-12-02,2025-12-15
DEMO-PO-0029,Approval,2025-12-22,2025-12-23
DEMO-PO-0029,Production ready,2026-01-06,2026-01-17
DEMO-PO-0030,Development,2026-09-09,
DEMO-PO-0030,Sample,2026-09-29,
DEMO-PO-0030,Approval,2026-10-19,
DEMO-PO-0030,Production ready,2026-11-03,
DEMO-PO-0031,Development,2025-12-27,2026-01-05
DEMO-PO-0031,Sample,2026-01-16,2026-01-30
DEMO-PO-0031,Approval,2026-02-05,2026-02-01
DEMO-PO-0031,Production ready,2026-02-20,2026-03-06
DEMO-PO-0032,Development,2026-04-16,2026-04-19
DEMO-PO-0032,Sample,2026-05-06,
DEMO-PO-0032,Approval,2026-05-26,2026-06-01
DEMO-PO-0032,Production ready,2026-06-10,2026-06-18
DEMO-PO-0033,Development,2025-12-22,
DEMO-PO-0033,Sample,2026-01-11,2026-01-19
DEMO-PO-0033,Approval,2026-01-31,2026-02-10
DEMO-PO-0033,Production ready,2026-02-15,2026-02-23
DEMO-PO-0034,Development,2026-02-24,2026-02-27
DEMO-PO-0034,Sample,2026-03-16,2026-03-12
DEMO-PO-0034,Approval,2026-04-05,2026-04-08
DEMO-PO-0034,Production ready,2026-04-20,2026-04-19
DEMO-PO-0035,Development,2026-06-13,
DEMO-PO-0035,Sample,2026-07-03,2026-06-29
DEMO-PO-0035,Approval,2026-07-23,
DEMO-PO-0035,Production ready,2026-08-07,
DEMO-PO-0036,Development,2026-01-27,2026-02-09
DEMO-PO-0036,Sample,2026-02-16,
DEMO-PO-0036,Approval,2026-03-08,
DEMO-PO-0036,Production ready,2026-03-23,2026-04-01
DEMO-PO-0037,Development,2026-05-27,2026-06-09
DEMO-PO-0037,Sample,2026-06-16,2026-06-26
DEMO-PO-0037,Approval,2026-07-06,
DEMO-PO-0037,Production ready,2026-07-21,
DEMO-PO-0038,Development,2026-02-20,2026-03-03
DEMO-PO-0038,Sample,2026-03-12,2026-03-16
DEMO-PO-0038,Approval,2026-04-01,2026-04-16
DEMO-PO-0038,Production ready,2026-04-16,2026-04-20
DEMO-PO-0039,Development,2025-11-30,2025-12-03
DEMO-PO-0039,Sample,2025-12-20,2025-12-23
DEMO-PO-0039,Approval,2026-01-09,2026-01-23
DEMO-PO-0039,Production ready,2026-01-24,2026-02-06
DEMO-PO-0040,Development,2026-07-26,
DEMO-PO-0040,Sample,2026-08-15,
DEMO-PO-0040,Approval,2026-09-04,
DEMO-PO-0040,Production ready,2026-09-19,
DEMO-PO-0041,Development,2026-06-22,2026-06-23
DEMO-PO-0041,Sample,2026-07-12,
DEMO-PO-0041,Approval,2026-08-01,
DEMO-PO-0041,Production ready,2026-08-16,
DEMO-PO-0042,Development,2025-11-14,2025-11-25
DEMO-PO-0042,Sample,2025-12-04,2025-12-05
DEMO-PO-0042,Approval,2025-12-24,2025-12-28
DEMO-PO-0042,Production ready,2026-01-08,
DEMO-PO-0043,Development,2026-05-11,
DEMO-PO-0043,Sample,2026-05-31,2026-06-09
DEMO-PO-0043,Approval,2026-06-20,2026-07-05
DEMO-PO-0043,Production ready,2026-07-05,
DEMO-PO-0044,Development,2026-06-05,2026-06-07
DEMO-PO-0044,Sample,2026-06-25,2026-06-23
DEMO-PO-0044,Approval,2026-07-15,
DEMO-PO-0044,Production ready,2026-07-30,
DEMO-PO-0045,Development,2026-01-06,2026-01-09
DEMO-PO-0045,Sample,2026-01-26,2026-02-09
DEMO-PO-0045,Approval,2026-02-15,2026-02-17
DEMO-PO-0045,Production ready,2026-03-02,2026-03-15
DEMO-PO-0046,Development,2026-03-03,2026-03-08
DEMO-PO-0046,Sample,2026-03-23,2026-03-27
DEMO-PO-0046,Approval,2026-04-12,2026-04-23
DEMO-PO-0046,Production ready,2026-04-27,
DEMO-PO-0047,Development,2026-04-01,2026-03-29
DEMO-PO-0047,Sample,2026-04-21,2026-04-22
DEMO-PO-0047,Approval,2026-05-11,2026-05-21
DEMO-PO-0047,Production ready,2026-05-26,2026-05-27
DEMO-PO-0048,Development,2026-09-08,
DEMO-PO-0048,Sample,2026-09-28,
DEMO-PO-0048,Approval,2026-10-18,
DEMO-PO-0048,Production ready,2026-11-02,
DEMO-PO-0049,Development,2026-06-07,2026-06-20
DEMO-PO-0049,Sample,2026-06-27,2026-06-24
DEMO-PO-0049,Approval,2026-07-17,
DEMO-PO-0049,Production ready,2026-08-01,
DEMO-PO-0050,Development,2026-09-03,
DEMO-PO-0050,Sample,2026-09-23,
DEMO-PO-0050,Approval,2026-10-13,
DEMO-PO-0050,Production ready,2026-10-28,
DEMO-PO-0051,Development,2026-07-27,
DEMO-PO-0051,Sample,2026-08-16,
DEMO-PO-0051,Approval,2026-09-05,
DEMO-PO-0051,Production ready,2026-09-20,
DEMO-PO-0052,Development,2026-05-18,2026-05-18
DEMO-PO-0052,Sample,2026-06-07,2026-06-11
DEMO-PO-0052,Approval,2026-06-27,2026-07-06
DEMO-PO-0052,Production ready,2026-07-12,
DEMO-PO-0053,Development,2025-10-19,2025-11-01
DEMO-PO-0053,Sample,2025-11-08,2025-11-14
DEMO-PO-0053,Approval,2025-11-28,2025-12-01
DEMO-PO-0053,Production ready,2025-12-13,2025-12-16
DEMO-PO-0054,Development,2025-11-09,2025-11-06
DEMO-PO-0054,Sample,2025-11-29,2025-12-13
DEMO-PO-0054,Approval,2025-12-19,2025-12-18
DEMO-PO-0054,Production ready,2026-01-03,
DEMO-PO-0055,Development,2025-10-25,2025-10-23
DEMO-PO-0055,Sample,2025-11-14,2025-11-27
DEMO-PO-0055,Approval,2025-12-04,2025-12-10
DEMO-PO-0055,Production ready,2025-12-19,2025-12-30
DEMO-PO-0056,Development,2026-08-30,
DEMO-PO-0056,Sample,2026-09-19,
DEMO-PO-0056,Approval,2026-10-09,
DEMO-PO-0056,Production ready,2026-10-24,
DEMO-PO-0057,Development,2025-11-01,
DEMO-PO-0057,Sample,2025-11-21,2025-11-29
DEMO-PO-0057,Approval,2025-12-11,2025-12-14
DEMO-PO-0057,Production ready,2025-12-26,2026-01-09
DEMO-PO-0058,Development,2026-09-09,
DEMO-PO-0058,Sample,2026-09-29,
DEMO-PO-0058,Approval,2026-10-19,
DEMO-PO-0058,Production ready,2026-11-03,
DEMO-PO-0059,Development,2026-08-14,
DEMO-PO-0059,Sample,2026-09-03,
DEMO-PO-0059,Approval,2026-09-23,
DEMO-PO-0059,Production ready,2026-10-08,
DEMO-PO-0060,Development,2026-08-08,
DEMO-PO-0060,Sample,2026-08-28,
DEMO-PO-0060,Approval,2026-09-17,
DEMO-PO-0060,Production ready,2026-10-02,
DEMO-PO-0061,Development,2026-02-07,
DEMO-PO-0061,Sample,2026-02-27,2026-03-06
DEMO-PO-0061,Approval,2026-03-19,2026-03-17
DEMO-PO-0061,Production ready,2026-04-03,2026-04-09
DEMO-PO-0062,Development,2026-01-28,2026-02-03
DEMO-PO-0062,Sample,2026-02-17,2026-02-27
DEMO-PO-0062,Approval,2026-03-09,2026-03-09
DEMO-PO-0062,Production ready,2026-03-24,2026-03-27
DEMO-PO-0063,Development,2026-07-30,
DEMO-PO-0063,Sample,2026-08-19,
DEMO-PO-0063,Approval,2026-09-08,
DEMO-PO-0063,Production ready,2026-09-23,
DEMO-PO-0064,Development,2025-10-30,
DEMO-PO-0064,Sample,2025-11-19,2025-11-16
DEMO-PO-0064,Approval,2025-12-09,2025-12-14
DEMO-PO-0064,Production ready,2025-12-24,
DEMO-PO-0065,Development,2026-05-04,2026-05-03
DEMO-PO-0065,Sample,2026-05-24,2026-06-08
DEMO-PO-0065,Approval,2026-06-13,
DEMO-PO-0065,Production ready,2026-06-28,2026-07-05
DEMO-PO-0066,Development,2026-02-15,2026-02-13
DEMO-PO-0066,Sample,2026-03-07,2026-03-22
DEMO-PO-0066,Approval,2026-03-27,2026-03-24
DEMO-PO-0066,Production ready,2026-04-11,2026-04-14
DEMO-PO-0067,Development,2025-11-22,2025-11-22
DEMO-PO-0067,Sample,2025-12-12,
DEMO-PO-0067,Approval,2026-01-01,2025-12-28
DEMO-PO-0067,Production ready,2026-01-16,2026-01-23
DEMO-PO-0068,Development,2026-08-15,
DEMO-PO-0068,Sample,2026-09-04,
DEMO-PO-0068,Approval,2026-09-24,
DEMO-PO-0068,Production ready,2026-10-09,
DEMO-PO-0069,Development,2026-06-06,2026-06-16
DEMO-PO-0069,Sample,2026-06-26,
DEMO-PO-0069,Approval,2026-07-16,
DEMO-PO-0069,Production ready,2026-07-31,
DEMO-PO-0070,Development,2026-10-04,
DEMO-PO-0070,Sample,2026-10-24,
DEMO-PO-0070,Approval,2026-11-13,
DEMO-PO-0070,Production ready,2026-11-28,
DEMO-PO-0071,Development,2026-05-01,2026-05-14
DEMO-PO-0071,Sample,2026-05-21,2026-05-23
DEMO-PO-0071,Approval,2026-06-10,2026-06-13
DEMO-PO-0071,Production ready,2026-06-25,2026-07-05
DEMO-PO-0072,Development,2026-03-27,2026-03-26
DEMO-PO-0072,Sample,2026-04-16,2026-04-23
DEMO-PO-0072,Approval,2026-05-06,
DEMO-PO-0072,Production ready,2026-05-21,2026-06-03
DEMO-PO-0073,Development,2026-05-16,2026-05-28
DEMO-PO-0073,Sample,2026-06-05,2026-06-16
DEMO-PO-0073,Approval,2026-06-25,2026-06-24
DEMO-PO-0073,Production ready,2026-07-10,
DEMO-PO-0074,Development,2025-12-15,2025-12-16
DEMO-PO-0074,Sample,2026-01-04,2026-01-09
DEMO-PO-0074,Approval,2026-01-24,
DEMO-PO-0074,Production ready,2026-02-08,2026-02-08
DEMO-PO-0075,Development,2025-11-22,
DEMO-PO-0075,Sample,2025-12-12,2025-12-09
DEMO-PO-0075,Approval,2026-01-01,
DEMO-PO-0075,Production ready,2026-01-16,2026-01-14
DEMO-PO-0076,Development,2026-06-23,2026-06-28
DEMO-PO-0076,Sample,2026-07-13,
DEMO-PO-0076,Approval,2026-08-02,
DEMO-PO-0076,Production ready,2026-08-17,
DEMO-PO-0077,Development,2025-11-10,2025-11-21
DEMO-PO-0077,Sample,2025-11-30,2025-12-01
DEMO-PO-0077,Approval,2025-12-20,2026-01-02
DEMO-PO-0077,Production ready,2026-01-04,2026-01-16
DEMO-PO-0078,Development,2025-11-23,2025-11-22
DEMO-PO-0078,Sample,2025-12-13,2025-12-19
DEMO-PO-0078,Approval,2026-01-02,2026-01-17
DEMO-PO-0078,Production ready,2026-01-17,
DEMO-PO-0079,Development,2026-02-19,2026-02-18
DEMO-PO-0079,Sample,2026-03-11,2026-03-13
DEMO-PO-0079,Approval,2026-03-31,2026-04-07
DEMO-PO-0079,Production ready,2026-04-15,2026-04-15
DEMO-PO-0080,Development,2026-02-26,2026-03-12
DEMO-PO-0080,Sample,2026-03-18,2026-04-02
DEMO-PO-0080,Approval,2026-04-07,2026-04-13
DEMO-PO-0080,Production ready,2026-04-22,2026-04-20
DEMO-PO-0081,Development,2026-03-07,2026-03-22
DEMO-PO-0081,Sample,2026-03-27,2026-04-06
DEMO-PO-0081,Approval,2026-04-16,2026-04-13
DEMO-PO-0081,Production ready,2026-05-01,2026-05-15
DEMO-PO-0082,Development,2026-08-23,
DEMO-PO-0082,Sample,2026-09-12,
DEMO-PO-0082,Approval,2026-10-02,
DEMO-PO-0082,Production ready,2026-10-17,
DEMO-PO-0083,Development,2026-10-15,
DEMO-PO-0083,Sample,2026-11-04,
DEMO-PO-0083,Approval,2026-11-24,
DEMO-PO-0083,Production ready,2026-12-09,
DEMO-PO-0084,Development,2025-11-20,2025-11-18
DEMO-PO-0084,Sample,2025-12-10,2025-12-10
DEMO-PO-0084,Approval,2025-12-30,2026-01-04
DEMO-PO-0084,Production ready,2026-01-14,2026-01-22
DEMO-PO-0085,Development,2026-03-25,2026-04-03
DEMO-PO-0085,Sample,2026-04-14,2026-04-10
DEMO-PO-0085,Approval,2026-05-04,2026-05-05
DEMO-PO-0085,Production ready,2026-05-19,2026-05-25
DEMO-PO-0086,Development,2026-01-24,2026-01-30
DEMO-PO-0086,Sample,2026-02-13,2026-02-28
DEMO-PO-0086,Approval,2026-03-05,2026-03-13
DEMO-PO-0086,Production ready,2026-03-20,2026-03-21
DEMO-PO-0087,Development,2026-05-30,2026-06-09
DEMO-PO-0087,Sample,2026-06-19,2026-06-22
DEMO-PO-0087,Approval,2026-07-09,
DEMO-PO-0087,Production ready,2026-07-24,
DEMO-PO-0088,Development,2026-09-30,
DEMO-PO-0088,Sample,2026-10-20,
DEMO-PO-0088,Approval,2026-11-09,
DEMO-PO-0088,Production ready,2026-11-24,
DEMO-PO-0089,Development,2026-09-11,
DEMO-PO-0089,Sample,2026-10-01,
DEMO-PO-0089,Approval,2026-10-21,
DEMO-PO-0089,Production ready,2026-11-05,
DEMO-PO-0090,Development,2026-05-29,2026-06-05
DEMO-PO-0090,Sample,2026-06-18,2026-06-16
DEMO-PO-0090,Approval,2026-07-08,2026-07-04
DEMO-PO-0090,Production ready,2026-07-23,
DEMO-PO-0091,Development,2025-12-31,2025-12-27
DEMO-PO-0091,Sample,2026-01-20,2026-01-16
DEMO-PO-0091,Approval,2026-02-09,2026-02-09
DEMO-PO-0091,Production ready,2026-02-24,2026-03-11
DEMO-PO-0092,Development,2026-03-14,2026-03-26
DEMO-PO-0092,Sample,2026-04-03,2026-04-03
DEMO-PO-0092,Approval,2026-04-23,2026-04-19
DEMO-PO-0092,Production ready,2026-05-08,2026-05-11
DEMO-PO-0093,Development,2026-09-23,
DEMO-PO-0093,Sample,2026-10-13,
DEMO-PO-0093,Approval,2026-11-02,
DEMO-PO-0093,Production ready,2026-11-17,
DEMO-PO-0094,Development,2026-09-08,
DEMO-PO-0094,Sample,2026-09-28,
DEMO-PO-0094,Approval,2026-10-18,
DEMO-PO-0094,Production ready,2026-11-02,
DEMO-PO-0095,Development,2026-04-16,2026-04-17
DEMO-PO-0095,Sample,2026-05-06,2026-05-04
DEMO-PO-0095,Approval,2026-05-26,
DEMO-PO-0095,Production ready,2026-06-10,
DEMO-PO-0096,Development,2025-11-08,2025-11-14
DEMO-PO-0096,Sample,2025-11-28,2025-12-05
DEMO-PO-0096,Approval,2025-12-18,2025-12-26
DEMO-PO-0096,Production ready,2026-01-02,2026-01-10
DEMO-PO-0097,Development,2026-06-29,2026-07-08
DEMO-PO-0097,Sample,2026-07-19,
DEMO-PO-0097,Approval,2026-08-08,
DEMO-PO-0097,Production ready,2026-08-23,
DEMO-PO-0098,Development,2025-12-09,2025-12-16
DEMO-PO-0098,Sample,2025-12-29,2026-01-07
DEMO-PO-0098,Approval,2026-01-18,
DEMO-PO-0098,Production ready,2026-02-02,2026-02-10
DEMO-PO-0099,Development,2025-11-02,2025-11-12
DEMO-PO-0099,Sample,2025-11-22,2025-11-29
DEMO-PO-0099,Approval,2025-12-12,2025-12-10
DEMO-PO-0099,Production ready,2025-12-27,2026-01-08
DEMO-PO-0100,Development,2026-09-15,
DEMO-PO-0100,Sample,2026-10-05,
DEMO-PO-0100,Approval,2026-10-25,
DEMO-PO-0100,Production ready,2026-11-09,
DEMO-PO-0101,Development,2026-10-08,
DEMO-PO-0101,Sample,2026-10-28,
DEMO-PO-0101,Approval,2026-11-17,
DEMO-PO-0101,Production ready,2026-12-02,
DEMO-PO-0102,Development,2026-03-20,2026-04-03
DEMO-PO-0102,Sample,2026-04-09,2026-04-22
DEMO-PO-0102,Approval,2026-04-29,
DEMO-PO-0102,Production ready,2026-05-14,2026-05-22
DEMO-PO-0103,Development,2026-07-14,
DEMO-PO-0103,Sample,2026-08-03,
DEMO-PO-0103,Approval,2026-08-23,
DEMO-PO-0103,Production ready,2026-09-07,
DEMO-PO-0104,Development,2025-12-23,2026-01-04
DEMO-PO-0104,Sample,2026-01-12,2026-01-10
DEMO-PO-0104,Approval,2026-02-01,2026-02-14
DEMO-PO-0104,Production ready,2026-02-16,2026-02-21
DEMO-PO-0105,Development,2026-07-02,2026-06-29
DEMO-PO-0105,Sample,2026-07-22,
DEMO-PO-0105,Approval,2026-08-11,
DEMO-PO-0105,Production ready,2026-08-26,
DEMO-PO-0106,Development,2026-09-16,
DEMO-PO-0106,Sample,2026-10-06,
DEMO-PO-0106,Approval,2026-10-26,
DEMO-PO-0106,Production ready,2026-11-10,
DEMO-PO-0107,Development,2026-06-07,2026-06-13
DEMO-PO-0107,Sample,2026-06-27,2026-07-04
DEMO-PO-0107,Approval,2026-07-17,
DEMO-PO-0107,Production ready,2026-08-01,
DEMO-PO-0108,Development,2026-03-30,2026-03-31
DEMO-PO-0108,Sample,2026-04-19,2026-05-03
DEMO-PO-0108,Approval,2026-05-09,2026-05-11
DEMO-PO-0108,Production ready,2026-05-24,2026-06-04
DEMO-PO-0109,Development,2026-06-30,2026-07-14
DEMO-PO-0109,Sample,2026-07-20,
DEMO-PO-0109,Approval,2026-08-09,
DEMO-PO-0109,Production ready,2026-08-24,
DEMO-PO-0110,Development,2026-03-13,2026-03-27
DEMO-PO-0110,Sample,2026-04-02,2026-04-09
DEMO-PO-0110,Approval,2026-04-22,2026-04-20
DEMO-PO-0110,Production ready,2026-05-07,2026-05-17
DEMO-PO-0111,Development,2026-09-02,
DEMO-PO-0111,Sample,2026-09-22,
DEMO-PO-0111,Approval,2026-10-12,
DEMO-PO-0111,Production ready,2026-10-27,
DEMO-PO-0112,Development,2026-07-01,
DEMO-PO-0112,Sample,2026-07-21,
DEMO-PO-0112,Approval,2026-08-10,
DEMO-PO-0112,Production ready,2026-08-25,
DEMO-PO-0113,Development,2026-01-09,2026-01-15
DEMO-PO-0113,Sample,2026-01-29,2026-02-07
DEMO-PO-0113,Approval,2026-02-18,2026-02-14
DEMO-PO-0113,Production ready,2026-03-05,2026-03-09
DEMO-PO-0114,Development,2025-11-13,2025-11-09
DEMO-PO-0114,Sample,2025-12-03,2025-12-12
DEMO-PO-0114,Approval,2025-12-23,2025-12-25
DEMO-PO-0114,Production ready,2026-01-07,2026-01-22
DEMO-PO-0115,Development,2026-10-14,
DEMO-PO-0115,Sample,2026-11-03,
DEMO-PO-0115,Approval,2026-11-23,
DEMO-PO-0115,Production ready,2026-12-08,
DEMO-PO-0116,Development,2026-09-29,
DEMO-PO-0116,Sample,2026-10-19,
DEMO-PO-0116,Approval,2026-11-08,
DEMO-PO-0116,Production ready,2026-11-23,
DEMO-PO-0117,Development,2026-06-20,2026-06-27
DEMO-PO-0117,Sample,2026-07-10,2026-07-10
DEMO-PO-0117,Approval,2026-07-30,
DEMO-PO-0117,Production ready,2026-08-14,
DEMO-PO-0118,Development,2026-06-01,2026-06-05
DEMO-PO-0118,Sample,2026-06-21,2026-07-06
DEMO-PO-0118,Approval,2026-07-11,2026-07-14
DEMO-PO-0118,Production ready,2026-07-26,
DEMO-PO-0119,Development,2026-09-09,
DEMO-PO-0119,Sample,2026-09-29,
DEMO-PO-0119,Approval,2026-10-19,
DEMO-PO-0119,Production ready,2026-11-03,
DEMO-PO-0120,Development,2026-09-16,
DEMO-PO-0120,Sample,2026-10-06,
DEMO-PO-0120,Approval,2026-10-26,
DEMO-PO-0120,Production ready,2026-11-10,
DEMO-PO-0121,Development,2026-05-09,2026-05-23
DEMO-PO-0121,Sample,2026-05-29,2026-06-04
DEMO-PO-0121,Approval,2026-06-18,2026-07-01
DEMO-PO-0121,Production ready,2026-07-03,2026-07-03
DEMO-PO-0122,Development,2026-03-06,2026-03-08
DEMO-PO-0122,Sample,2026-03-26,2026-04-03
DEMO-PO-0122,Approval,2026-04-15,2026-04-27
DEMO-PO-0122,Production ready,2026-04-30,2026-05-08
DEMO-PO-0123,Development,2025-12-28,2026-01-04
DEMO-PO-0123,Sample,2026-01-17,2026-01-14
DEMO-PO-0123,Approval,2026-02-06,2026-02-16
DEMO-PO-0123,Production ready,2026-02-21,2026-03-01
DEMO-PO-0124,Development,2026-10-06,
DEMO-PO-0124,Sample,2026-10-26,
DEMO-PO-0124,Approval,2026-11-15,
DEMO-PO-0124,Production ready,2026-11-30,
DEMO-PO-0125,Development,2026-07-20,
DEMO-PO-0125,Sample,2026-08-09,
DEMO-PO-0125,Approval,2026-08-29,
DEMO-PO-0125,Production ready,2026-09-13,
DEMO-PO-0126,Development,2025-11-18,2025-11-30
DEMO-PO-0126,Sample,2025-12-08,2025-12-05
DEMO-PO-0126,Approval,2025-12-28,2026-01-09
DEMO-PO-0126,Production ready,2026-01-12,
DEMO-PO-0127,Development,2026-09-27,
DEMO-PO-0127,Sample,2026-10-17,
DEMO-PO-0127,Approval,2026-11-06,
DEMO-PO-0127,Production ready,2026-11-21,
DEMO-PO-0128,Development,2025-11-22,2025-11-30
DEMO-PO-0128,Sample,2025-12-12,2025-12-25
DEMO-PO-0128,Approval,2026-01-01,
DEMO-PO-0128,Production ready,2026-01-16,2026-01-29
DEMO-PO-0129,Development,2026-02-09,2026-02-13
DEMO-PO-0129,Sample,2026-03-01,
DEMO-PO-0129,Approval,2026-03-21,2026-03-30
DEMO-PO-0129,Production ready,2026-04-05,2026-04-01
DEMO-PO-0130,Development,2025-12-08,2025-12-05
DEMO-PO-0130,Sample,2025-12-28,2026-01-02
DEMO-PO-0130,Approval,2026-01-17,2026-01-31
DEMO-PO-0130,Production ready,2026-02-01,2026-02-16
DEMO-PO-0131,Development,2026-02-16,2026-02-25
DEMO-PO-0131,Sample,2026-03-08,2026-03-05
DEMO-PO-0131,Approval,2026-03-28,2026-04-05
DEMO-PO-0131,Production ready,2026-04-12,2026-04-18
DEMO-PO-0132,Development,2026-01-02,2026-01-11
DEMO-PO-0132,Sample,2026-01-22,2026-02-04
DEMO-PO-0132,Approval,2026-02-11,2026-02-19
DEMO-PO-0132,Production ready,2026-02-26,2026-02-28
DEMO-PO-0133,Development,2026-06-05,2026-06-07
DEMO-PO-0133,Sample,2026-06-25,2026-07-09
DEMO-PO-0133,Approval,2026-07-15,
DEMO-PO-0133,Production ready,2026-07-30,
DEMO-PO-0134,Development,2026-02-01,2026-02-16
DEMO-PO-0134,Sample,2026-02-21,2026-03-01
DEMO-PO-0134,Approval,2026-03-13,2026-03-26
DEMO-PO-0134,Production ready,2026-03-28,2026-04-02
DEMO-PO-0135,Development,2026-03-24,2026-03-31
DEMO-PO-0135,Sample,2026-04-13,2026-04-10
DEMO-PO-0135,Approval,2026-05-03,2026-05-06
DEMO-PO-0135,Production ready,2026-05-18,2026-05-14
DEMO-PO-0136,Development,2026-03-18,2026-03-29
DEMO-PO-0136,Sample,2026-04-07,2026-04-14
DEMO-PO-0136,Approval,2026-04-27,2026-05-10
DEMO-PO-0136,Production ready,2026-05-12,2026-05-25
DEMO-PO-0137,Development,2026-07-13,
DEMO-PO-0137,Sample,2026-08-02,
DEMO-PO-0137,Approval,2026-08-22,
DEMO-PO-0137,Production ready,2026-09-06,
DEMO-PO-0138,Development,2026-08-30,
DEMO-PO-0138,Sample,2026-09-19,
DEMO-PO-0138,Approval,2026-10-09,
DEMO-PO-0138,Production ready,2026-10-24,
DEMO-PO-0139,Development,2026-07-02,2026-07-14
DEMO-PO-0139,Sample,2026-07-22,
DEMO-PO-0139,Approval,2026-08-11,
DEMO-PO-0139,Production ready,2026-08-26,
DEMO-PO-0140,Development,2026-04-27,
DEMO-PO-0140,Sample,2026-05-17,2026-05-25
DEMO-PO-0140,Approval,2026-06-06,
DEMO-PO-0140,Production ready,2026-06-21,2026-06-17
DEMO-PO-0141,Development,2026-06-30,2026-07-02
DEMO-PO-0141,Sample,2026-07-20,
DEMO-PO-0141,Approval,2026-08-09,
DEMO-PO-0141,Production ready,2026-08-24,
DEMO-PO-0142,Development,2025-11-25,2025-12-03
DEMO-PO-0142,Sample,2025-12-15,2025-12-20
DEMO-PO-0142,Approval,2026-01-04,2026-01-07
DEMO-PO-0142,Production ready,2026-01-19,2026-01-27
DEMO-PO-0143,Development,2026-05-02,2026-05-11
DEMO-PO-0143,Sample,2026-05-22,2026-05-20
DEMO-PO-0143,Approval,2026-06-11,2026-06-26
DEMO-PO-0143,Production ready,2026-06-26,2026-07-04
DEMO-PO-0144,Development,2025-11-02,2025-11-16
DEMO-PO-0144,Sample,2025-11-22,2025-11-20
DEMO-PO-0144,Approval,2025-12-12,2025-12-17
DEMO-PO-0144,Production ready,2025-12-27,
DEMO-PO-0145,Development,2026-04-30,2026-05-07
DEMO-PO-0145,Sample,2026-05-20,2026-05-19
DEMO-PO-0145,Approval,2026-06-09,2026-06-10
DEMO-PO-0145,Production ready,2026-06-24,2026-07-07
DEMO-PO-0146,Development,2025-12-09,2025-12-22
DEMO-PO-0146,Sample,2025-12-29,2026-01-01
DEMO-PO-0146,Approval,2026-01-18,2026-01-19
DEMO-PO-0146,Production ready,2026-02-02,2026-02-03
DEMO-PO-0147,Development,2026-03-04,2026-03-15
DEMO-PO-0147,Sample,2026-03-24,2026-03-26
DEMO-PO-0147,Approval,2026-04-13,2026-04-13
DEMO-PO-0147,Production ready,2026-04-28,2026-05-06
DEMO-PO-0148,Development,2026-04-04,2026-04-10
DEMO-PO-0148,Sample,2026-04-24,2026-05-02
DEMO-PO-0148,Approval,2026-05-14,2026-05-19
DEMO-PO-0148,Production ready,2026-05-29,2026-06-09
DEMO-PO-0149,Development,2026-04-02,2026-04-12
DEMO-PO-0149,Sample,2026-04-22,2026-04-24
DEMO-PO-0149,Approval,2026-05-12,2026-05-17
DEMO-PO-0149,Production ready,2026-05-27,2026-05-25
DEMO-PO-0150,Development,2026-09-27,
DEMO-PO-0150,Sample,2026-10-17,
DEMO-PO-0150,Approval,2026-11-06,
DEMO-PO-0150,Production ready,2026-11-21,
DEMO-PO-0151,Development,2026-07-18,
DEMO-PO-0151,Sample,2026-08-07,
DEMO-PO-0151,Approval,2026-08-27,
DEMO-PO-0151,Production ready,2026-09-11,
DEMO-PO-0152,Development,2026-09-14,
DEMO-PO-0152,Sample,2026-10-04,
DEMO-PO-0152,Approval,2026-10-24,
DEMO-PO-0152,Production ready,2026-11-08,
DEMO-PO-0153,Development,2026-07-06,
DEMO-PO-0153,Sample,2026-07-26,
DEMO-PO-0153,Approval,2026-08-15,
DEMO-PO-0153,Production ready,2026-08-30,
DEMO-PO-0154,Development,2026-06-22,2026-06-27
DEMO-PO-0154,Sample,2026-07-12,2026-07-14
DEMO-PO-0154,Approval,2026-08-01,
DEMO-PO-0154,Production ready,2026-08-16,
DEMO-PO-0155,Development,2026-05-30,2026-05-29
DEMO-PO-0155,Sample,2026-06-19,2026-06-20
DEMO-PO-0155,Approval,2026-07-09,2026-07-12
DEMO-PO-0155,Production ready,2026-07-24,
DEMO-PO-0156,Development,2026-04-05,2026-04-20
DEMO-PO-0156,Sample,2026-04-25,2026-05-05
DEMO-PO-0156,Approval,2026-05-15,
DEMO-PO-0156,Production ready,2026-05-30,2026-06-01
DEMO-PO-0157,Development,2026-08-09,
DEMO-PO-0157,Sample,2026-08-29,
DEMO-PO-0157,Approval,2026-09-18,
DEMO-PO-0157,Production ready,2026-10-03,
DEMO-PO-0158,Development,2026-08-14,
DEMO-PO-0158,Sample,2026-09-03,
DEMO-PO-0158,Approval,2026-09-23,
DEMO-PO-0158,Production ready,2026-10-08,
DEMO-PO-0159,Development,2026-02-17,2026-03-02
DEMO-PO-0159,Sample,2026-03-09,2026-03-10
DEMO-PO-0159,Approval,2026-03-29,2026-04-09
DEMO-PO-0159,Production ready,2026-04-13,2026-04-14
DEMO-PO-0160,Development,2026-08-31,
DEMO-PO-0160,Sample,2026-09-20,
DEMO-PO-0160,Approval,2026-10-10,
DEMO-PO-0160,Production ready,2026-10-25,
DEMO-PO-0161,Development,2026-06-25,2026-07-08
DEMO-PO-0161,Sample,2026-07-15,
DEMO-PO-0161,Approval,2026-08-04,
DEMO-PO-0161,Production ready,2026-08-19,
DEMO-PO-0162,Development,2026-08-07,
DEMO-PO-0162,Sample,2026-08-27,
DEMO-PO-0162,Approval,2026-09-16,
DEMO-PO-0162,Production ready,2026-10-01,
DEMO-PO-0163,Development,2026-09-17,
DEMO-PO-0163,Sample,2026-10-07,
DEMO-PO-0163,Approval,2026-10-27,
DEMO-PO-0163,Production ready,2026-11-11,
DEMO-PO-0164,Development,2026-01-10,2026-01-15
DEMO-PO-0164,Sample,2026-01-30,2026-02-03
DEMO-PO-0164,Approval,2026-02-19,2026-03-03
DEMO-PO-0164,Production ready,2026-03-06,2026-03-05
DEMO-PO-0165,Development,2025-11-17,2025-11-17
DEMO-PO-0165,Sample,2025-12-07,2025-12-11
DEMO-PO-0165,Approval,2025-12-27,2026-01-04
DEMO-PO-0165,Production ready,2026-01-11,2026-01-09
DEMO-PO-0166,Development,2026-10-08,
DEMO-PO-0166,Sample,2026-10-28,
DEMO-PO-0166,Approval,2026-11-17,
DEMO-PO-0166,Production ready,2026-12-02,
DEMO-PO-0167,Development,2026-02-06,
DEMO-PO-0167,Sample,2026-02-26,
DEMO-PO-0167,Approval,2026-03-18,2026-03-19
DEMO-PO-0167,Production ready,2026-04-02,2026-03-29
DEMO-PO-0168,Development,2026-01-29,2026-02-06
DEMO-PO-0168,Sample,2026-02-18,2026-02-21
DEMO-PO-0168,Approval,2026-03-10,2026-03-08
DEMO-PO-0168,Production ready,2026-03-25,2026-03-21
DEMO-PO-0169,Development,2025-12-24,2025-12-22
DEMO-PO-0169,Sample,2026-01-13,2026-01-11
DEMO-PO-0169,Approval,2026-02-02,
DEMO-PO-0169,Production ready,2026-02-17,2026-02-24
DEMO-PO-0170,Development,2026-05-01,2026-05-16
DEMO-PO-0170,Sample,2026-05-21,
DEMO-PO-0170,Approval,2026-06-10,2026-06-09
DEMO-PO-0170,Production ready,2026-06-25,2026-06-24
DEMO-PO-0171,Development,2026-04-15,2026-04-11
DEMO-PO-0171,Sample,2026-05-05,2026-05-10
DEMO-PO-0171,Approval,2026-05-25,2026-06-09
DEMO-PO-0171,Production ready,2026-06-09,2026-06-17
DEMO-PO-0172,Development,2026-02-17,2026-02-25
DEMO-PO-0172,Sample,2026-03-09,2026-03-23
DEMO-PO-0172,Approval,2026-03-29,2026-04-11
DEMO-PO-0172,Production ready,2026-04-13,2026-04-24
DEMO-PO-0173,Development,2025-10-26,2025-11-04
DEMO-PO-0173,Sample,2025-11-15,2025-11-13
DEMO-PO-0173,Approval,2025-12-05,2025-12-18
DEMO-PO-0173,Production ready,2025-12-20,
DEMO-PO-0174,Development,2026-07-06,2026-07-15
DEMO-PO-0174,Sample,2026-07-26,
DEMO-PO-0174,Approval,2026-08-15,
DEMO-PO-0174,Production ready,2026-08-30,
DEMO-PO-0175,Development,2026-05-28,2026-05-24
DEMO-PO-0175,Sample,2026-06-17,2026-06-13
DEMO-PO-0175,Approval,2026-07-07,2026-07-14
DEMO-PO-0175,Production ready,2026-07-22,
DEMO-PO-0176,Development,2026-04-26,2026-04-24
DEMO-PO-0176,Sample,2026-05-16,2026-05-30
DEMO-PO-0176,Approval,2026-06-05,2026-06-16
DEMO-PO-0176,Production ready,2026-06-20,
DEMO-PO-0177,Development,2026-04-24,2026-04-21
DEMO-PO-0177,Sample,2026-05-14,2026-05-10
DEMO-PO-0177,Approval,2026-06-03,2026-06-14
DEMO-PO-0177,Production ready,2026-06-18,2026-06-18
DEMO-PO-0178,Development,2026-07-28,
DEMO-PO-0178,Sample,2026-08-17,
DEMO-PO-0178,Approval,2026-09-06,
DEMO-PO-0178,Production ready,2026-09-21,
DEMO-PO-0179,Development,2026-01-17,2026-01-15
DEMO-PO-0179,Sample,2026-02-06,2026-02-02
DEMO-PO-0179,Approval,2026-02-26,2026-03-03
DEMO-PO-0179,Production ready,2026-03-13,2026-03-18
DEMO-PO-0180,Development,2026-06-12,
DEMO-PO-0180,Sample,2026-07-02,2026-07-15
DEMO-PO-0180,Approval,2026-07-22,
DEMO-PO-0180,Production ready,2026-08-06,
DEMO-PO-0181,Development,2026-09-19,
DEMO-PO-0181,Sample,2026-10-09,
DEMO-PO-0181,Approval,2026-10-29,
DEMO-PO-0181,Production ready,2026-11-13,
DEMO-PO-0182,Development,2026-10-11,
DEMO-PO-0182,Sample,2026-10-31,
DEMO-PO-0182,Approval,2026-11-20,
DEMO-PO-0182,Production ready,2026-12-05,
DEMO-PO-0183,Development,2026-02-16,2026-02-18
DEMO-PO-0183,Sample,2026-03-08,
DEMO-PO-0183,Approval,2026-03-28,2026-03-27
DEMO-PO-0183,Production ready,2026-04-12,2026-04-22
DEMO-PO-0184,Development,2026-07-19,
DEMO-PO-0184,Sample,2026-08-08,
DEMO-PO-0184,Approval,2026-08-28,
DEMO-PO-0184,Production ready,2026-09-12,
DEMO-PO-0185,Development,2026-01-01,2026-01-14
DEMO-PO-0185,Sample,2026-01-21,
DEMO-PO-0185,Approval,2026-02-10,2026-02-09
DEMO-PO-0185,Production ready,2026-02-25,2026-02-25
DEMO-PO-0186,Development,2026-02-08,2026-02-06
DEMO-PO-0186,Sample,2026-02-28,2026-03-10
DEMO-PO-0186,Approval,2026-03-20,2026-03-18
DEMO-PO-0186,Production ready,2026-04-04,2026-04-10
DEMO-PO-0187,Development,2025-11-12,2025-11-16
DEMO-PO-0187,Sample,2025-12-02,
DEMO-PO-0187,Approval,2025-12-22,2026-01-06
DEMO-PO-0187,Production ready,2026-01-06,2026-01-11
DEMO-PO-0188,Development,2025-11-18,2025-11-25
DEMO-PO-0188,Sample,2025-12-08,2025-12-19
DEMO-PO-0188,Approval,2025-12-28,2026-01-11
DEMO-PO-0188,Production ready,2026-01-12,2026-01-20
DEMO-PO-0189,Development,2026-03-30,2026-03-29
DEMO-PO-0189,Sample,2026-04-19,2026-04-22
DEMO-PO-0189,Approval,2026-05-09,2026-05-06
DEMO-PO-0189,Production ready,2026-05-24,2026-05-27
DEMO-PO-0190,Development,2026-04-17,2026-05-01
DEMO-PO-0190,Sample,2026-05-07,2026-05-09
DEMO-PO-0190,Approval,2026-05-27,2026-06-07
DEMO-PO-0190,Production ready,2026-06-11,2026-06-12
DEMO-PO-0191,Development,2025-11-15,2025-11-11
DEMO-PO-0191,Sample,2025-12-05,2025-12-05
DEMO-PO-0191,Approval,2025-12-25,2026-01-06
DEMO-PO-0191,Production ready,2026-01-09,2026-01-07
DEMO-PO-0192,Development,2026-08-14,
DEMO-PO-0192,Sample,2026-09-03,
DEMO-PO-0192,Approval,2026-09-23,
DEMO-PO-0192,Production ready,2026-10-08,
DEMO-PO-0193,Development,2026-02-09,2026-02-06
DEMO-PO-0193,Sample,2026-03-01,2026-03-07
DEMO-PO-0193,Approval,2026-03-21,2026-04-05
DEMO-PO-0193,Production ready,2026-04-05,
DEMO-PO-0194,Development,2025-12-29,2025-12-25
DEMO-PO-0194,Sample,2026-01-18,2026-01-21
DEMO-PO-0194,Approval,2026-02-07,2026-02-14
DEMO-PO-0194,Production ready,2026-02-22,2026-02-21
DEMO-PO-0195,Development,2026-05-03,2026-05-02
DEMO-PO-0195,Sample,2026-05-23,2026-06-06
DEMO-PO-0195,Approval,2026-06-12,2026-06-15
DEMO-PO-0195,Production ready,2026-06-27,2026-06-25
DEMO-PO-0196,Development,2026-03-17,2026-03-15
DEMO-PO-0196,Sample,2026-04-06,2026-04-21
DEMO-PO-0196,Approval,2026-04-26,2026-04-22
DEMO-PO-0196,Production ready,2026-05-11,2026-05-12
DEMO-PO-0197,Development,2026-01-06,
DEMO-PO-0197,Sample,2026-01-26,2026-02-03
DEMO-PO-0197,Approval,2026-02-15,2026-02-26
DEMO-PO-0197,Production ready,2026-03-02,
DEMO-PO-0198,Development,2026-03-17,2026-03-28
DEMO-PO-0198,Sample,2026-04-06,
DEMO-PO-0198,Approval,2026-04-26,2026-05-09
DEMO-PO-0198,Production ready,2026-05-11,2026-05-18
DEMO-PO-0199,Development,2026-01-21,2026-01-28
DEMO-PO-0199,Sample,2026-02-10,2026-02-19
DEMO-PO-0199,Approval,2026-03-02,2026-03-16
DEMO-PO-0199,Production ready,2026-03-17,2026-03-14
DEMO-PO-0200,Development,2026-07-19,
DEMO-PO-0200,Sample,2026-08-08,
DEMO-PO-0200,Approval,2026-08-28,
DEMO-PO-0200,Production ready,2026-09-12,
DEMO-PO-0201,Development,2025-12-18,2025-12-18
DEMO-PO-0201,Sample,2026-01-07,2026-01-11
DEMO-PO-0201,Approval,2026-01-27,
DEMO-PO-0201,Production ready,2026-02-11,2026-02-24
DEMO-PO-0202,Development,2026-03-08,2026-03-08
DEMO-PO-0202,Sample,2026-03-28,2026-04-11
DEMO-PO-0202,Approval,2026-04-17,2026-04-16
DEMO-PO-0202,Production ready,2026-05-02,2026-05-16
DEMO-PO-0203,Development,2026-07-19,
DEMO-PO-0203,Sample,2026-08-08,
DEMO-PO-0203,Approval,2026-08-28,
DEMO-PO-0203,Production ready,2026-09-12,
DEMO-PO-0204,Development,2025-11-06,2025-11-10
DEMO-PO-0204,Sample,2025-11-26,2025-11-25
DEMO-PO-0204,Approval,2025-12-16,2025-12-19
DEMO-PO-0204,Production ready,2025-12-31,2026-01-10
DEMO-PO-0205,Development,2026-03-04,2026-03-01
DEMO-PO-0205,Sample,2026-03-24,
DEMO-PO-0205,Approval,2026-04-13,2026-04-25
DEMO-PO-0205,Production ready,2026-04-28,2026-05-10
DEMO-PO-0206,Development,2026-01-14,2026-01-22
DEMO-PO-0206,Sample,2026-02-03,2026-02-02
DEMO-PO-0206,Approval,2026-02-23,2026-02-26
DEMO-PO-0206,Production ready,2026-03-10,2026-03-25
DEMO-PO-0207,Development,2026-08-14,
DEMO-PO-0207,Sample,2026-09-03,
DEMO-PO-0207,Approval,2026-09-23,
DEMO-PO-0207,Production ready,2026-10-08,
DEMO-PO-0208,Development,2026-02-08,2026-02-08
DEMO-PO-0208,Sample,2026-02-28,2026-03-15
DEMO-PO-0208,Approval,2026-03-20,2026-03-23
DEMO-PO-0208,Production ready,2026-04-04,2026-04-09
DEMO-PO-0209,Development,2026-05-22,
DEMO-PO-0209,Sample,2026-06-11,2026-06-18
DEMO-PO-0209,Approval,2026-07-01,
DEMO-PO-0209,Production ready,2026-07-16,
DEMO-PO-0210,Development,2026-03-19,2026-03-19
DEMO-PO-0210,Sample,2026-04-08,2026-04-11
DEMO-PO-0210,Approval,2026-04-28,2026-05-13
DEMO-PO-0210,Production ready,2026-05-13,2026-05-19
DEMO-PO-0211,Development,2026-09-18,
DEMO-PO-0211,Sample,2026-10-08,
DEMO-PO-0211,Approval,2026-10-28,
DEMO-PO-0211,Production ready,2026-11-12,
DEMO-PO-0212,Development,2026-01-13,2026-01-19
DEMO-PO-0212,Sample,2026-02-02,2026-02-05
DEMO-PO-0212,Approval,2026-02-22,2026-02-27
DEMO-PO-0212,Production ready,2026-03-09,2026-03-15
DEMO-PO-0213,Development,2026-06-12,2026-06-14
DEMO-PO-0213,Sample,2026-07-02,2026-07-10
DEMO-PO-0213,Approval,2026-07-22,
DEMO-PO-0213,Production ready,2026-08-06,
DEMO-PO-0214,Development,2025-12-27,2026-01-02
DEMO-PO-0214,Sample,2026-01-16,2026-01-17
DEMO-PO-0214,Approval,2026-02-05,
DEMO-PO-0214,Production ready,2026-02-20,2026-02-24
DEMO-PO-0215,Development,2026-08-09,
DEMO-PO-0215,Sample,2026-08-29,
DEMO-PO-0215,Approval,2026-09-18,
DEMO-PO-0215,Production ready,2026-10-03,
DEMO-PO-0216,Development,2026-04-27,2026-05-04
DEMO-PO-0216,Sample,2026-05-17,2026-05-16
DEMO-PO-0216,Approval,2026-06-06,2026-06-20
DEMO-PO-0216,Production ready,2026-06-21,2026-06-19
DEMO-PO-0217,Development,2026-03-15,2026-03-16
DEMO-PO-0217,Sample,2026-04-04,
DEMO-PO-0217,Approval,2026-04-24,2026-04-27
DEMO-PO-0217,Production ready,2026-05-09,2026-05-09
DEMO-PO-0218,Development,2026-08-15,
DEMO-PO-0218,Sample,2026-09-04,
DEMO-PO-0218,Approval,2026-09-24,
DEMO-PO-0218,Production ready,2026-10-09,
DEMO-PO-0219,Development,2026-09-17,
DEMO-PO-0219,Sample,2026-10-07,
DEMO-PO-0219,Approval,2026-10-27,
DEMO-PO-0219,Production ready,2026-11-11,
DEMO-PO-0220,Development,2026-09-21,
DEMO-PO-0220,Sample,2026-10-11,
DEMO-PO-0220,Approval,2026-10-31,
DEMO-PO-0220,Production ready,2026-11-15,
DEMO-PO-0221,Development,2026-06-29,
DEMO-PO-0221,Sample,2026-07-19,
DEMO-PO-0221,Approval,2026-08-08,
DEMO-PO-0221,Production ready,2026-08-23,
DEMO-PO-0222,Development,2026-02-15,2026-02-14
DEMO-PO-0222,Sample,2026-03-07,2026-03-10
DEMO-PO-0222,Approval,2026-03-27,2026-04-01
DEMO-PO-0222,Production ready,2026-04-11,
DEMO-PO-0223,Development,2025-11-07,2025-11-08
DEMO-PO-0223,Sample,2025-11-27,2025-12-07
DEMO-PO-0223,Approval,2025-12-17,2025-12-21
DEMO-PO-0223,Production ready,2026-01-01,2025-12-30
DEMO-PO-0224,Development,2026-01-19,
DEMO-PO-0224,Sample,2026-02-08,2026-02-05
DEMO-PO-0224,Approval,2026-02-28,
DEMO-PO-0224,Production ready,2026-03-15,2026-03-29
DEMO-PO-0225,Development,2026-01-18,2026-01-17
DEMO-PO-0225,Sample,2026-02-07,
DEMO-PO-0225,Approval,2026-02-27,2026-03-03
DEMO-PO-0225,Production ready,2026-03-14,2026-03-10
DEMO-PO-0226,Development,2026-09-25,
DEMO-PO-0226,Sample,2026-10-15,
DEMO-PO-0226,Approval,2026-11-04,
DEMO-PO-0226,Production ready,2026-11-19,
DEMO-PO-0227,Development,2025-10-23,2025-11-04
DEMO-PO-0227,Sample,2025-11-12,2025-11-20
DEMO-PO-0227,Approval,2025-12-02,
DEMO-PO-0227,Production ready,2025-12-17,2025-12-27
DEMO-PO-0228,Development,2025-12-02,2025-11-30
DEMO-PO-0228,Sample,2025-12-22,2026-01-06
DEMO-PO-0228,Approval,2026-01-11,2026-01-23
DEMO-PO-0228,Production ready,2026-01-26,2026-02-05
DEMO-PO-0229,Development,2025-11-14,
DEMO-PO-0229,Sample,2025-12-04,2025-12-11
DEMO-PO-0229,Approval,2025-12-24,2025-12-29
DEMO-PO-0229,Production ready,2026-01-08,2026-01-15
DEMO-PO-0230,Development,2026-01-10,2026-01-20
DEMO-PO-0230,Sample,2026-01-30,2026-02-01
DEMO-PO-0230,Approval,2026-02-19,2026-02-18
DEMO-PO-0230,Production ready,2026-03-06,2026-03-03
DEMO-PO-0231,Development,2026-06-05,2026-06-19
DEMO-PO-0231,Sample,2026-06-25,2026-07-07
DEMO-PO-0231,Approval,2026-07-15,
DEMO-PO-0231,Production ready,2026-07-30,
DEMO-PO-0232,Development,2025-12-22,2025-12-30
DEMO-PO-0232,Sample,2026-01-11,2026-01-16
DEMO-PO-0232,Approval,2026-01-31,2026-01-31
DEMO-PO-0232,Production ready,2026-02-15,2026-03-02
DEMO-PO-0233,Development,2026-10-12,
DEMO-PO-0233,Sample,2026-11-01,
DEMO-PO-0233,Approval,2026-11-21,
DEMO-PO-0233,Production ready,2026-12-06,
DEMO-PO-0234,Development,2026-10-16,
DEMO-PO-0234,Sample,2026-11-05,
DEMO-PO-0234,Approval,2026-11-25,
DEMO-PO-0234,Production ready,2026-12-10,
DEMO-PO-0235,Development,2025-10-30,2025-11-04
DEMO-PO-0235,Sample,2025-11-19,
DEMO-PO-0235,Approval,2025-12-09,
DEMO-PO-0235,Production ready,2025-12-24,2026-01-06
DEMO-PO-0236,Development,2026-02-16,2026-02-12
DEMO-PO-0236,Sample,2026-03-08,2026-03-10
DEMO-PO-0236,Approval,2026-03-28,2026-04-07
DEMO-PO-0236,Production ready,2026-04-12,2026-04-19
DEMO-PO-0237,Development,2026-01-25,2026-02-03
DEMO-PO-0237,Sample,2026-02-14,2026-02-18
DEMO-PO-0237,Approval,2026-03-06,2026-03-20
DEMO-PO-0237,Production ready,2026-03-21,2026-03-17
DEMO-PO-0238,Development,2025-11-07,2025-11-05
DEMO-PO-0238,Sample,2025-11-27,2025-12-03
DEMO-PO-0238,Approval,2025-12-17,2025-12-18
DEMO-PO-0238,Production ready,2026-01-01,2026-01-13
DEMO-PO-0239,Development,2025-12-04,
DEMO-PO-0239,Sample,2025-12-24,2025-12-31
DEMO-PO-0239,Approval,2026-01-13,2026-01-28
DEMO-PO-0239,Production ready,2026-01-28,2026-01-31
DEMO-PO-0240,Development,2026-05-01,2026-04-28
DEMO-PO-0240,Sample,2026-05-21,2026-05-23
DEMO-PO-0240,Approval,2026-06-10,2026-06-08
DEMO-PO-0240,Production ready,2026-06-25,2026-06-26
DEMO-PO-0241,Development,2026-09-03,
DEMO-PO-0241,Sample,2026-09-23,
DEMO-PO-0241,Approval,2026-10-13,
DEMO-PO-0241,Production ready,2026-10-28,
DEMO-PO-0242,Development,2026-06-10,2026-06-24
DEMO-PO-0242,Sample,2026-06-30,2026-07-04
DEMO-PO-0242,Approval,2026-07-20,
DEMO-PO-0242,Production ready,2026-08-04,
DEMO-PO-0243,Development,2026-03-28,
DEMO-PO-0243,Sample,2026-04-17,2026-04-22
DEMO-PO-0243,Approval,2026-05-07,2026-05-12
DEMO-PO-0243,Production ready,2026-05-22,2026-06-01
DEMO-PO-0244,Development,2026-06-17,2026-06-17
DEMO-PO-0244,Sample,2026-07-07,2026-07-14
DEMO-PO-0244,Approval,2026-07-27,
DEMO-PO-0244,Production ready,2026-08-11,
DEMO-PO-0245,Development,2025-12-20,2025-12-29
DEMO-PO-0245,Sample,2026-01-09,2026-01-21
DEMO-PO-0245,Approval,2026-01-29,2026-01-30
DEMO-PO-0245,Production ready,2026-02-13,2026-02-17
DEMO-PO-0246,Development,2026-09-26,
DEMO-PO-0246,Sample,2026-10-16,
DEMO-PO-0246,Approval,2026-11-05,
DEMO-PO-0246,Production ready,2026-11-20,
DEMO-PO-0247,Development,2026-04-18,2026-05-02
DEMO-PO-0247,Sample,2026-05-08,2026-05-22
DEMO-PO-0247,Approval,2026-05-28,2026-06-03
DEMO-PO-0247,Production ready,2026-06-12,
DEMO-PO-0248,Development,2026-02-08,
DEMO-PO-0248,Sample,2026-02-28,
DEMO-PO-0248,Approval,2026-03-20,2026-03-24
DEMO-PO-0248,Production ready,2026-04-04,2026-04-04
DEMO-PO-0249,Development,2026-03-01,2026-03-14
DEMO-PO-0249,Sample,2026-03-21,2026-04-03
DEMO-PO-0249,Approval,2026-04-10,2026-04-10
DEMO-PO-0249,Production ready,2026-04-25,2026-04-28
DEMO-PO-0250,Development,2025-12-25,2025-12-25
DEMO-PO-0250,Sample,2026-01-14,2026-01-15
DEMO-PO-0250,Approval,2026-02-03,2026-02-17
DEMO-PO-0250,Production ready,2026-02-18,2026-02-18
DEMO-PO-0251,Development,2026-04-19,2026-04-26
DEMO-PO-0251,Sample,2026-05-09,2026-05-19
DEMO-PO-0251,Approval,2026-05-29,2026-05-26
DEMO-PO-0251,Production ready,2026-06-13,
DEMO-PO-0252,Development,2026-03-01,2026-03-04
DEMO-PO-0252,Sample,2026-03-21,2026-03-28
DEMO-PO-0252,Approval,2026-04-10,2026-04-17
DEMO-PO-0252,Production ready,2026-04-25,2026-05-06
DEMO-PO-0253,Development,2026-07-01,2026-07-02
DEMO-PO-0253,Sample,2026-07-21,
DEMO-PO-0253,Approval,2026-08-10,
DEMO-PO-0253,Production ready,2026-08-25,
DEMO-PO-0254,Development,2025-12-15,
DEMO-PO-0254,Sample,2026-01-04,2026-01-18
DEMO-PO-0254,Approval,2026-01-24,2026-01-25
DEMO-PO-0254,Production ready,2026-02-08,2026-02-09
DEMO-PO-0255,Development,2026-08-20,
DEMO-PO-0255,Sample,2026-09-09,
DEMO-PO-0255,Approval,2026-09-29,
DEMO-PO-0255,Production ready,2026-10-14,
DEMO-PO-0256,Development,2026-05-16,2026-05-22
DEMO-PO-0256,Sample,2026-06-05,2026-06-20
DEMO-PO-0256,Approval,2026-06-25,2026-06-28
DEMO-PO-0256,Production ready,2026-07-10,
DEMO-PO-0257,Development,2026-07-12,
DEMO-PO-0257,Sample,2026-08-01,
DEMO-PO-0257,Approval,2026-08-21,
DEMO-PO-0257,Production ready,2026-09-05,
DEMO-PO-0258,Development,2026-08-22,
DEMO-PO-0258,Sample,2026-09-11,
DEMO-PO-0258,Approval,2026-10-01,
DEMO-PO-0258,Production ready,2026-10-16,
DEMO-PO-0259,Development,2026-04-15,2026-04-19
DEMO-PO-0259,Sample,2026-05-05,2026-05-01
DEMO-PO-0259,Approval,2026-05-25,2026-05-24
DEMO-PO-0259,Production ready,2026-06-09,2026-06-17
DEMO-PO-0260,Development,2026-05-15,2026-05-29
DEMO-PO-0260,Sample,2026-06-04,2026-06-08
DEMO-PO-0260,Approval,2026-06-24,2026-07-02
DEMO-PO-0260,Production ready,2026-07-09,
DEMO-PO-0261,Development,2026-01-17,2026-01-20
DEMO-PO-0261,Sample,2026-02-06,
DEMO-PO-0261,Approval,2026-02-26,2026-03-10
DEMO-PO-0261,Production ready,2026-03-13,2026-03-19
DEMO-PO-0262,Development,2026-01-08,2026-01-05
DEMO-PO-0262,Sample,2026-01-28,2026-02-05
DEMO-PO-0262,Approval,2026-02-17,2026-03-01
DEMO-PO-0262,Production ready,2026-03-04,
DEMO-PO-0263,Development,2026-09-10,
DEMO-PO-0263,Sample,2026-09-30,
DEMO-PO-0263,Approval,2026-10-20,
DEMO-PO-0263,Production ready,2026-11-04,
DEMO-PO-0264,Development,2026-08-28,
DEMO-PO-0264,Sample,2026-09-17,
DEMO-PO-0264,Approval,2026-10-07,
DEMO-PO-0264,Production ready,2026-10-22,
DEMO-PO-0265,Development,2026-07-10,2026-07-14
DEMO-PO-0265,Sample,2026-07-30,
DEMO-PO-0265,Approval,2026-08-19,
DEMO-PO-0265,Production ready,2026-09-03,
DEMO-PO-0266,Development,2026-02-28,2026-03-14
DEMO-PO-0266,Sample,2026-03-20,2026-03-30
DEMO-PO-0266,Approval,2026-04-09,2026-04-23
DEMO-PO-0266,Production ready,2026-04-24,2026-04-27
DEMO-PO-0267,Development,2026-10-01,
DEMO-PO-0267,Sample,2026-10-21,
DEMO-PO-0267,Approval,2026-11-10,
DEMO-PO-0267,Production ready,2026-11-25,
DEMO-PO-0268,Development,2026-10-11,
DEMO-PO-0268,Sample,2026-10-31,
DEMO-PO-0268,Approval,2026-11-20,
DEMO-PO-0268,Production ready,2026-12-05,
DEMO-PO-0269,Development,2026-08-07,
DEMO-PO-0269,Sample,2026-08-27,
DEMO-PO-0269,Approval,2026-09-16,
DEMO-PO-0269,Production ready,2026-10-01,
DEMO-PO-0270,Development,2026-02-22,2026-03-05
DEMO-PO-0270,Sample,2026-03-14,2026-03-20
DEMO-PO-0270,Approval,2026-04-03,2026-04-17
DEMO-PO-0270,Production ready,2026-04-18,2026-04-29
DEMO-PO-0271,Development,2026-05-09,2026-05-21
DEMO-PO-0271,Sample,2026-05-29,2026-05-30
DEMO-PO-0271,Approval,2026-06-18,2026-06-17
DEMO-PO-0271,Production ready,2026-07-03,2026-07-13
DEMO-PO-0272,Development,2025-10-24,2025-11-08
DEMO-PO-0272,Sample,2025-11-13,2025-11-14
DEMO-PO-0272,Approval,2025-12-03,2025-12-05
DEMO-PO-0272,Production ready,2025-12-18,2025-12-25
DEMO-PO-0273,Development,2026-03-10,2026-03-18
DEMO-PO-0273,Sample,2026-03-30,2026-03-30
DEMO-PO-0273,Approval,2026-04-19,2026-04-15
DEMO-PO-0273,Production ready,2026-05-04,2026-05-15
DEMO-PO-0274,Development,2026-06-24,2026-06-26
DEMO-PO-0274,Sample,2026-07-14,
DEMO-PO-0274,Approval,2026-08-03,
DEMO-PO-0274,Production ready,2026-08-18,
DEMO-PO-0275,Development,2026-02-28,2026-03-14
DEMO-PO-0275,Sample,2026-03-20,2026-04-02
DEMO-PO-0275,Approval,2026-04-09,2026-04-14
DEMO-PO-0275,Production ready,2026-04-24,2026-05-06
DEMO-PO-0276,Development,2025-11-27,2025-11-25
DEMO-PO-0276,Sample,2025-12-17,2025-12-20
DEMO-PO-0276,Approval,2026-01-06,2026-01-11
DEMO-PO-0276,Production ready,2026-01-21,2026-02-05
DEMO-PO-0277,Development,2026-06-02,2026-06-06
DEMO-PO-0277,Sample,2026-06-22,2026-06-20
DEMO-PO-0277,Approval,2026-07-12,
DEMO-PO-0277,Production ready,2026-07-27,
DEMO-PO-0278,Development,2025-11-19,2025-11-22
DEMO-PO-0278,Sample,2025-12-09,2025-12-14
DEMO-PO-0278,Approval,2025-12-29,2025-12-29
DEMO-PO-0278,Production ready,2026-01-13,
DEMO-PO-0279,Development,2026-04-02,2026-04-16
DEMO-PO-0279,Sample,2026-04-22,2026-05-05
DEMO-PO-0279,Approval,2026-05-12,2026-05-19
DEMO-PO-0279,Production ready,2026-05-27,2026-05-30
DEMO-PO-0280,Development,2026-03-24,2026-03-20
DEMO-PO-0280,Sample,2026-04-13,2026-04-24
DEMO-PO-0280,Approval,2026-05-03,2026-05-14
DEMO-PO-0280,Production ready,2026-05-18,2026-05-27
DEMO-PO-0281,Development,2025-10-21,
DEMO-PO-0281,Sample,2025-11-10,2025-11-13
DEMO-PO-0281,Approval,2025-11-30,2025-12-15
DEMO-PO-0281,Production ready,2025-12-15,2025-12-19
DEMO-PO-0282,Development,2026-05-17,2026-06-01
DEMO-PO-0282,Sample,2026-06-06,
DEMO-PO-0282,Approval,2026-06-26,2026-06-23
DEMO-PO-0282,Production ready,2026-07-11,2026-07-07
DEMO-PO-0283,Development,2026-03-11,2026-03-18
DEMO-PO-0283,Sample,2026-03-31,2026-03-28
DEMO-PO-0283,Approval,2026-04-20,
DEMO-PO-0283,Production ready,2026-05-05,
DEMO-PO-0284,Development,2026-01-18,2026-01-28
DEMO-PO-0284,Sample,2026-02-07,2026-02-06
DEMO-PO-0284,Approval,2026-02-27,2026-03-01
DEMO-PO-0284,Production ready,2026-03-14,2026-03-19
DEMO-PO-0285,Development,2026-09-05,
DEMO-PO-0285,Sample,2026-09-25,
DEMO-PO-0285,Approval,2026-10-15,
DEMO-PO-0285,Production ready,2026-10-30,
DEMO-PO-0286,Development,2026-09-07,
DEMO-PO-0286,Sample,2026-09-27,
DEMO-PO-0286,Approval,2026-10-17,
DEMO-PO-0286,Production ready,2026-11-01,
DEMO-PO-0287,Development,2026-04-26,2026-04-26
DEMO-PO-0287,Sample,2026-05-16,2026-05-15
DEMO-PO-0287,Approval,2026-06-05,2026-06-08
DEMO-PO-0287,Production ready,2026-06-20,2026-07-03
DEMO-PO-0288,Development,2026-05-30,2026-06-09
DEMO-PO-0288,Sample,2026-06-19,2026-07-02
DEMO-PO-0288,Approval,2026-07-09,2026-07-11
DEMO-PO-0288,Production ready,2026-07-24,
DEMO-PO-0289,Development,2026-04-01,2026-04-06
DEMO-PO-0289,Sample,2026-04-21,2026-05-04
DEMO-PO-0289,Approval,2026-05-11,2026-05-07
DEMO-PO-0289,Production ready,2026-05-26,2026-06-07
DEMO-PO-0290,Development,2025-10-27,2025-11-07
DEMO-PO-0290,Sample,2025-11-16,2025-11-16
DEMO-PO-0290,Approval,2025-12-06,2025-12-12
DEMO-PO-0290,Production ready,2025-12-21,
DEMO-PO-0291,Development,2025-11-09,2025-11-24
DEMO-PO-0291,Sample,2025-11-29,
DEMO-PO-0291,Approval,2025-12-19,2025-12-22
DEMO-PO-0291,Production ready,2026-01-03,
DEMO-PO-0292,Development,2026-09-18,
DEMO-PO-0292,Sample,2026-10-08,
DEMO-PO-0292,Approval,2026-10-28,
DEMO-PO-0292,Production ready,2026-11-12,
DEMO-PO-0293,Development,2025-11-23,2025-11-26
DEMO-PO-0293,Sample,2025-12-13,2025-12-14
DEMO-PO-0293,Approval,2026-01-02,2026-01-15
DEMO-PO-0293,Production ready,2026-01-17,2026-01-16
DEMO-PO-0294,Development,2026-09-28,
DEMO-PO-0294,Sample,2026-10-18,
DEMO-PO-0294,Approval,2026-11-07,
DEMO-PO-0294,Production ready,2026-11-22,
DEMO-PO-0295,Development,2026-03-28,2026-04-05
DEMO-PO-0295,Sample,2026-04-17,2026-04-21
DEMO-PO-0295,Approval,2026-05-07,2026-05-17
DEMO-PO-0295,Production ready,2026-05-22,
DEMO-PO-0296,Development,2026-03-12,2026-03-16
DEMO-PO-0296,Sample,2026-04-01,2026-04-13
DEMO-PO-0296,Approval,2026-04-21,2026-05-05
DEMO-PO-0296,Production ready,2026-05-06,2026-05-03
DEMO-PO-0297,Development,2025-12-27,2026-01-02
DEMO-PO-0297,Sample,2026-01-16,2026-01-17
DEMO-PO-0297,Approval,2026-02-05,2026-02-19
DEMO-PO-0297,Production ready,2026-02-20,2026-02-19
DEMO-PO-0298,Development,2025-11-06,2025-11-21
DEMO-PO-0298,Sample,2025-11-26,
DEMO-PO-0298,Approval,2025-12-16,
DEMO-PO-0298,Production ready,2025-12-31,2026-01-13
DEMO-PO-0299,Development,2026-07-02,
DEMO-PO-0299,Sample,2026-07-22,
DEMO-PO-0299,Approval,2026-08-11,
DEMO-PO-0299,Production ready,2026-08-26,
DEMO-PO-0300,Development,2026-03-15,2026-03-15
DEMO-PO-0300,Sample,2026-04-04,2026-04-15
DEMO-PO-0300,Approval,2026-04-24,2026-05-05
DEMO-PO-0300,Production ready,2026-05-09,2026-05-23
DEMO-PO-0301,Development,2026-02-19,2026-02-25
DEMO-PO-0301,Sample,2026-03-11,2026-03-07
DEMO-PO-0301,Approval,2026-03-31,2026-04-01
DEMO-PO-0301,Production ready,2026-04-15,2026-04-30
DEMO-PO-0302,Development,2026-09-02,
DEMO-PO-0302,Sample,2026-09-22,
DEMO-PO-0302,Approval,2026-10-12,
DEMO-PO-0302,Production ready,2026-10-27,
DEMO-PO-0303,Development,2026-03-14,2026-03-26
DEMO-PO-0303,Sample,2026-04-03,2026-04-16
DEMO-PO-0303,Approval,2026-04-23,2026-04-23
DEMO-PO-0303,Production ready,2026-05-08,2026-05-04
DEMO-PO-0304,Development,2026-02-25,2026-03-01
DEMO-PO-0304,Sample,2026-03-17,2026-03-24
DEMO-PO-0304,Approval,2026-04-06,2026-04-02
DEMO-PO-0304,Production ready,2026-04-21,2026-04-29
DEMO-PO-0305,Development,2026-07-05,2026-07-15
DEMO-PO-0305,Sample,2026-07-25,
DEMO-PO-0305,Approval,2026-08-14,
DEMO-PO-0305,Production ready,2026-08-29,
DEMO-PO-0306,Development,2026-04-06,2026-04-03
DEMO-PO-0306,Sample,2026-04-26,2026-05-04
DEMO-PO-0306,Approval,2026-05-16,2026-05-12
DEMO-PO-0306,Production ready,2026-05-31,2026-06-04
DEMO-PO-0307,Development,2026-05-07,2026-05-10
DEMO-PO-0307,Sample,2026-05-27,2026-06-05
DEMO-PO-0307,Approval,2026-06-16,2026-07-01
DEMO-PO-0307,Production ready,2026-07-01,2026-07-14
DEMO-PO-0308,Development,2026-08-11,
DEMO-PO-0308,Sample,2026-08-31,
DEMO-PO-0308,Approval,2026-09-20,
DEMO-PO-0308,Production ready,2026-10-05,
DEMO-PO-0309,Development,2026-07-30,
DEMO-PO-0309,Sample,2026-08-19,
DEMO-PO-0309,Approval,2026-09-08,
DEMO-PO-0309,Production ready,2026-09-23,
DEMO-PO-0310,Development,2026-01-22,2026-01-18
DEMO-PO-0310,Sample,2026-02-11,2026-02-22
DEMO-PO-0310,Approval,2026-03-03,2026-03-18
DEMO-PO-0310,Production ready,2026-03-18,2026-03-25
DEMO-PO-0311,Development,2026-06-26,2026-07-05
DEMO-PO-0311,Sample,2026-07-16,
DEMO-PO-0311,Approval,2026-08-05,
DEMO-PO-0311,Production ready,2026-08-20,
DEMO-PO-0312,Development,2026-05-30,2026-06-14
DEMO-PO-0312,Sample,2026-06-19,2026-06-27
DEMO-PO-0312,Approval,2026-07-09,
DEMO-PO-0312,Production ready,2026-07-24,
DEMO-PO-0313,Development,2026-07-11,
DEMO-PO-0313,Sample,2026-07-31,
DEMO-PO-0313,Approval,2026-08-20,
DEMO-PO-0313,Production ready,2026-09-04,
DEMO-PO-0314,Development,2026-01-23,2026-02-04
DEMO-PO-0314,Sample,2026-02-12,2026-02-22
DEMO-PO-0314,Approval,2026-03-04,
DEMO-PO-0314,Production ready,2026-03-19,
DEMO-PO-0315,Development,2026-05-07,2026-05-05
DEMO-PO-0315,Sample,2026-05-27,2026-05-28
DEMO-PO-0315,Approval,2026-06-16,
DEMO-PO-0315,Production ready,2026-07-01,2026-07-11
DEMO-PO-0316,Development,2026-07-13,
DEMO-PO-0316,Sample,2026-08-02,
DEMO-PO-0316,Approval,2026-08-22,
DEMO-PO-0316,Production ready,2026-09-06,
DEMO-PO-0317,Development,2026-01-09,2026-01-09
DEMO-PO-0317,Sample,2026-01-29,2026-01-25
DEMO-PO-0317,Approval,2026-02-18,
DEMO-PO-0317,Production ready,2026-03-05,2026-03-16
DEMO-PO-0318,Development,2026-08-25,
DEMO-PO-0318,Sample,2026-09-14,
DEMO-PO-0318,Approval,2026-10-04,
DEMO-PO-0318,Production ready,2026-10-19,
DEMO-PO-0319,Development,2026-08-31,
DEMO-PO-0319,Sample,2026-09-20,
DEMO-PO-0319,Approval,2026-10-10,
DEMO-PO-0319,Production ready,2026-10-25,
DEMO-PO-0320,Development,2025-12-01,2025-12-11
DEMO-PO-0320,Sample,2025-12-21,2025-12-28
DEMO-PO-0320,Approval,2026-01-10,2026-01-08
DEMO-PO-0320,Production ready,2026-01-25,2026-01-31
DEMO-PO-0321,Development,2025-11-21,2025-11-23
DEMO-PO-0321,Sample,2025-12-11,2025-12-10
DEMO-PO-0321,Approval,2025-12-31,2026-01-12
DEMO-PO-0321,Production ready,2026-01-15,2026-01-26
DEMO-PO-0322,Development,2026-05-24,2026-06-07
DEMO-PO-0322,Sample,2026-06-13,2026-06-24
DEMO-PO-0322,Approval,2026-07-03,2026-07-04
DEMO-PO-0322,Production ready,2026-07-18,
DEMO-PO-0323,Development,2026-01-25,2026-01-31
DEMO-PO-0323,Sample,2026-02-14,
DEMO-PO-0323,Approval,2026-03-06,2026-03-08
DEMO-PO-0323,Production ready,2026-03-21,2026-03-25
DEMO-PO-0324,Development,2026-03-20,2026-03-22
DEMO-PO-0324,Sample,2026-04-09,2026-04-15
DEMO-PO-0324,Approval,2026-04-29,2026-05-10
DEMO-PO-0324,Production ready,2026-05-14,2026-05-11
DEMO-PO-0325,Development,2026-01-05,2026-01-10
DEMO-PO-0325,Sample,2026-01-25,2026-01-31
DEMO-PO-0325,Approval,2026-02-14,2026-02-10
DEMO-PO-0325,Production ready,2026-03-01,2026-03-07
DEMO-PO-0326,Development,2025-11-20,2025-11-19
DEMO-PO-0326,Sample,2025-12-10,2025-12-15
DEMO-PO-0326,Approval,2025-12-30,2026-01-05
DEMO-PO-0326,Production ready,2026-01-14,2026-01-18
DEMO-PO-0327,Development,2026-02-16,2026-02-14
DEMO-PO-0327,Sample,2026-03-08,2026-03-04
DEMO-PO-0327,Approval,2026-03-28,2026-04-09
DEMO-PO-0327,Production ready,2026-04-12,2026-04-18
DEMO-PO-0328,Development,2026-04-03,
DEMO-PO-0328,Sample,2026-04-23,2026-04-28
DEMO-PO-0328,Approval,2026-05-13,2026-05-28
DEMO-PO-0328,Production ready,2026-05-28,2026-06-03
DEMO-PO-0329,Development,2025-12-09,2025-12-08
DEMO-PO-0329,Sample,2025-12-29,2025-12-30
DEMO-PO-0329,Approval,2026-01-18,2026-01-14
DEMO-PO-0329,Production ready,2026-02-02,2026-02-15
DEMO-PO-0330,Development,2026-07-22,
DEMO-PO-0330,Sample,2026-08-11,
DEMO-PO-0330,Approval,2026-08-31,
DEMO-PO-0330,Production ready,2026-09-15,
DEMO-PO-0331,Development,2025-11-12,2025-11-27
DEMO-PO-0331,Sample,2025-12-02,2025-12-12
DEMO-PO-0331,Approval,2025-12-22,2025-12-27
DEMO-PO-0331,Production ready,2026-01-06,2026-01-08
DEMO-PO-0332,Development,2026-06-13,2026-06-23
DEMO-PO-0332,Sample,2026-07-03,2026-07-06
DEMO-PO-0332,Approval,2026-07-23,
DEMO-PO-0332,Production ready,2026-08-07,
DEMO-PO-0333,Development,2026-05-06,2026-05-16
DEMO-PO-0333,Sample,2026-05-26,2026-05-31
DEMO-PO-0333,Approval,2026-06-15,2026-06-30
DEMO-PO-0333,Production ready,2026-06-30,
DEMO-PO-0334,Development,2026-04-02,2026-03-31
DEMO-PO-0334,Sample,2026-04-22,2026-05-06
DEMO-PO-0334,Approval,2026-05-12,2026-05-21
DEMO-PO-0334,Production ready,2026-05-27,2026-06-02
DEMO-PO-0335,Development,2026-01-14,2026-01-13
DEMO-PO-0335,Sample,2026-02-03,2026-02-04
DEMO-PO-0335,Approval,2026-02-23,
DEMO-PO-0335,Production ready,2026-03-10,2026-03-09
DEMO-PO-0336,Development,2026-04-03,2026-04-03
DEMO-PO-0336,Sample,2026-04-23,2026-04-28
DEMO-PO-0336,Approval,2026-05-13,2026-05-27
DEMO-PO-0336,Production ready,2026-05-28,2026-05-30
DEMO-PO-0337,Development,2026-03-20,2026-04-01
DEMO-PO-0337,Sample,2026-04-09,2026-04-09
DEMO-PO-0337,Approval,2026-04-29,2026-04-26
DEMO-PO-0337,Production ready,2026-05-14,2026-05-27
DEMO-PO-0338,Development,2026-10-13,
DEMO-PO-0338,Sample,2026-11-02,
DEMO-PO-0338,Approval,2026-11-22,
DEMO-PO-0338,Production ready,2026-12-07,
DEMO-PO-0339,Development,2026-07-24,
DEMO-PO-0339,Sample,2026-08-13,
DEMO-PO-0339,Approval,2026-09-02,
DEMO-PO-0339,Production ready,2026-09-17,
DEMO-PO-0340,Development,2025-11-23,2025-12-08
DEMO-PO-0340,Sample,2025-12-13,2025-12-28
DEMO-PO-0340,Approval,2026-01-02,2026-01-14
DEMO-PO-0340,Production ready,2026-01-17,2026-01-27
DEMO-PO-0341,Development,2026-01-21,2026-01-18
DEMO-PO-0341,Sample,2026-02-10,
DEMO-PO-0341,Approval,2026-03-02,2026-03-13
DEMO-PO-0341,Production ready,2026-03-17,2026-03-15
DEMO-PO-0342,Development,2026-06-13,2026-06-26
DEMO-PO-0342,Sample,2026-07-03,2026-07-08
DEMO-PO-0342,Approval,2026-07-23,
DEMO-PO-0342,Production ready,2026-08-07,
DEMO-PO-0343,Development,2026-06-15,
DEMO-PO-0343,Sample,2026-07-05,
DEMO-PO-0343,Approval,2026-07-25,
DEMO-PO-0343,Production ready,2026-08-09,
DEMO-PO-0344,Development,2025-11-18,
DEMO-PO-0344,Sample,2025-12-08,2025-12-12
DEMO-PO-0344,Approval,2025-12-28,2026-01-12
DEMO-PO-0344,Production ready,2026-01-12,
DEMO-PO-0345,Development,2026-08-23,
DEMO-PO-0345,Sample,2026-09-12,
DEMO-PO-0345,Approval,2026-10-02,
DEMO-PO-0345,Production ready,2026-10-17,
DEMO-PO-0346,Development,2025-12-31,
DEMO-PO-0346,Sample,2026-01-20,2026-01-24
DEMO-PO-0346,Approval,2026-02-09,
DEMO-PO-0346,Production ready,2026-02-24,2026-03-06
DEMO-PO-0347,Development,2026-06-18,
DEMO-PO-0347,Sample,2026-07-08,
DEMO-PO-0347,Approval,2026-07-28,
DEMO-PO-0347,Production ready,2026-08-12,
DEMO-PO-0348,Development,2025-12-06,2025-12-20
DEMO-PO-0348,Sample,2025-12-26,2025-12-29
DEMO-PO-0348,Approval,2026-01-15,2026-01-29
DEMO-PO-0348,Production ready,2026-01-30,2026-02-11
DEMO-PO-0349,Development,2026-03-27,2026-04-01
DEMO-PO-0349,Sample,2026-04-16,
DEMO-PO-0349,Approval,2026-05-06,
DEMO-PO-0349,Production ready,2026-05-21,2026-06-05
DEMO-PO-0350,Development,2026-08-20,
DEMO-PO-0350,Sample,2026-09-09,
DEMO-PO-0350,Approval,2026-09-29,
DEMO-PO-0350,Production ready,2026-10-14,
DEMO-PO-0351,Development,2026-03-17,2026-03-15
DEMO-PO-0351,Sample,2026-04-06,2026-04-03
DEMO-PO-0351,Approval,2026-04-26,2026-05-02
DEMO-PO-0351,Production ready,2026-05-11,2026-05-15
DEMO-PO-0352,Development,2026-01-17,2026-01-26
DEMO-PO-0352,Sample,2026-02-06,2026-02-05
DEMO-PO-0352,Approval,2026-02-26,
DEMO-PO-0352,Production ready,2026-03-13,
DEMO-PO-0353,Development,2026-06-03,2026-06-03
DEMO-PO-0353,Sample,2026-06-23,2026-07-01
DEMO-PO-0353,Approval,2026-07-13,
DEMO-PO-0353,Production ready,2026-07-28,
DEMO-PO-0354,Development,2026-05-29,2026-06-12
DEMO-PO-0354,Sample,2026-06-18,2026-06-25
DEMO-PO-0354,Approval,2026-07-08,2026-07-13
DEMO-PO-0354,Production ready,2026-07-23,
DEMO-PO-0355,Development,2026-07-18,
DEMO-PO-0355,Sample,2026-08-07,
DEMO-PO-0355,Approval,2026-08-27,
DEMO-PO-0355,Production ready,2026-09-11,
DEMO-PO-0356,Development,2026-09-05,
DEMO-PO-0356,Sample,2026-09-25,
DEMO-PO-0356,Approval,2026-10-15,
DEMO-PO-0356,Production ready,2026-10-30,
DEMO-PO-0357,Development,2026-05-05,2026-05-02
DEMO-PO-0357,Sample,2026-05-25,2026-05-31
DEMO-PO-0357,Approval,2026-06-14,2026-06-11
DEMO-PO-0357,Production ready,2026-06-29,2026-07-01
DEMO-PO-0358,Development,2026-09-30,
DEMO-PO-0358,Sample,2026-10-20,
DEMO-PO-0358,Approval,2026-11-09,
DEMO-PO-0358,Production ready,2026-11-24,
DEMO-PO-0359,Development,2026-10-12,
DEMO-PO-0359,Sample,2026-11-01,
DEMO-PO-0359,Approval,2026-11-21,
DEMO-PO-0359,Production ready,2026-12-06,
DEMO-PO-0360,Development,2025-12-15,2025-12-21
DEMO-PO-0360,Sample,2026-01-04,2026-01-06
DEMO-PO-0360,Approval,2026-01-24,2026-02-07
DEMO-PO-0360,Production ready,2026-02-08,2026-02-06
