order_id,style,supplier_id,brand,category,quantity,delivered_quantity,order_date,due_date,delivered_date,retail_price
DEMO-PO-0001,DEMO-ST-001,SUP004,Brand C,Outerwear,500,0,2026-07-17,2026-09-16,,570000
DEMO-PO-0002,DEMO-ST-002,SUP007,Brand B,Bottoms,1300,0,2026-04-29,2026-06-24,,330000
DEMO-PO-0003,DEMO-ST-003,SUP006,Brand A,Tops,800,0,2026-08-02,2026-10-23,,210000
DEMO-PO-0004,DEMO-ST-004,SUP003,Brand B,Bottoms,1700,0,2026-05-01,2026-07-09,,330000
DEMO-PO-0005,DEMO-ST-005,SUP001,Brand C,Tops,2400,2400,2026-02-25,2026-04-28,2026-05-02,210000
DEMO-PO-0006,DEMO-ST-006,SUP007,Brand A,Tops,1200,1200,2026-05-10,2026-07-05,2026-07-13,210000
DEMO-PO-0007,DEMO-ST-007,SUP002,Brand C,Outerwear,2100,0,2026-10-05,2026-12-16,,570000
DEMO-PO-0008,DEMO-ST-008,SUP002,Brand C,Bottoms,3600,0,2026-09-06,2026-11-17,,330000
DEMO-PO-0009,DEMO-ST-009,SUP002,Brand A,Bottoms,1900,1900,2026-04-24,2026-07-05,2026-06-28,330000
DEMO-PO-0010,DEMO-ST-010,SUP004,Brand B,Bottoms,2700,0,2026-04-09,2026-06-09,,330000
DEMO-PO-0011,DEMO-ST-011,SUP002,Brand C,Tops,2100,0,2026-07-11,2026-09-21,,210000
DEMO-PO-0012,DEMO-ST-012,SUP002,Brand B,Bottoms,2600,0,2026-09-23,2026-12-04,,330000
DEMO-PO-0013,DEMO-ST-013,SUP004,Brand A,Outerwear,3200,3200,2026-02-06,2026-04-08,2026-04-04,570000
DEMO-PO-0014,DEMO-ST-014,SUP008,Brand A,Tops,2900,0,2026-06-28,2026-09-04,,210000
DEMO-PO-0015,DEMO-ST-015,SUP004,Brand B,Tops,700,700,2026-04-01,2026-06-01,2026-06-11,210000
DEMO-PO-0016,DEMO-ST-016,SUP004,Brand C,Outerwear,600,0,2026-08-24,2026-10-24,,570000
DEMO-PO-0017,DEMO-ST-017,SUP007,Brand A,Outerwear,2300,2300,2026-01-12,2026-03-09,2026-03-15,570000
DEMO-PO-0018,DEMO-ST-018,SUP003,Brand C,Outerwear,2300,0,2026-06-05,2026-08-13,,570000
DEMO-PO-0019,DEMO-ST-019,SUP005,Brand B,Outerwear,1700,1700,2026-02-25,2026-05-25,2026-06-08,570000
DEMO-PO-0020,DEMO-ST-020,SUP008,Brand C,Outerwear,3100,0,2026-08-03,2026-10-10,,570000
DEMO-PO-0021,DEMO-ST-021,SUP003,Brand B,Tops,600,0,2026-06-01,2026-08-09,,210000
DEMO-PO-0022,DEMO-ST-022,SUP003,Brand B,Tops,1500,1500,2026-02-22,2026-05-02,2026-05-22,210000
DEMO-PO-0023,DEMO-ST-023,SUP008,Brand B,Bottoms,1800,1800,2026-04-22,2026-06-29,2026-06-28,330000
DEMO-PO-0024,DEMO-ST-024,SUP005,Brand C,Tops,3100,3100,2025-10-23,2026-01-20,2026-01-23,210000
DEMO-PO-0025,DEMO-ST-025,SUP002,Brand C,Bottoms,2400,0,2026-09-26,2026-12-07,,330000
DEMO-PO-0026,DEMO-ST-026,SUP003,Brand C,Bottoms,2800,2800,2026-01-30,2026-04-09,2026-04-22,330000
DEMO-PO-0027,DEMO-ST-027,SUP003,Brand C,Tops,2200,0,2026-09-26,2026-12-04,,210000
DEMO-PO-0028,DEMO-ST-028,SUP001,Brand B,Tops,3400,3400,2025-11-23,2026-01-24,2026-02-04,210000
DEMO-PO-0029,DEMO-ST-029,SUP008,Brand B,Outerwear,1900,1900,2025-11-19,2026-01-26,2026-02-16,570000
DEMO-PO-0030,DEMO-ST-030,SUP004,Brand B,Bottoms,3700,0,2026-09-23,2026-11-23,,330000
DEMO-PO-0031,DEMO-ST-031,SUP002,Brand A,Tops,1800,1800,2025-12-30,2026-03-12,2026-03-16,210000
DEMO-PO-0032,DEMO-ST-032,SUP001,Brand B,Bottoms,2800,0,2026-04-29,2026-06-30,,330000
DEMO-PO-0033,DEMO-ST-033,SUP008,Brand C,Outerwear,3800,0,2025-12-29,2026-03-07,,570000
DEMO-PO-0034,DEMO-ST-034,SUP007,Brand B,Tops,3400,3400,2026-03-15,2026-05-10,2026-05-02,210000
DEMO-PO-0035,DEMO-ST-035,SUP004,Brand B,Outerwear,2000,0,2026-06-27,2026-08-27,,570000
DEMO-PO-0036,DEMO-ST-036,SUP007,Brand C,Tops,1900,1900,2026-02-15,2026-04-12,2026-04-07,210000
DEMO-PO-0037,DEMO-ST-037,SUP002,Brand C,Bottoms,3300,0,2026-05-30,2026-08-10,,330000
DEMO-PO-0038,DEMO-ST-038,SUP006,Brand C,Tops,2100,2100,2026-02-13,2026-05-06,2026-05-26,210000
DEMO-PO-0039,DEMO-ST-039,SUP004,Brand B,Tops,3000,3000,2025-12-14,2026-02-13,2026-02-20,210000
DEMO-PO-0040,DEMO-ST-040,SUP007,Brand C,Bottoms,2600,0,2026-08-14,2026-10-09,,330000
DEMO-PO-0041,DEMO-ST-041,SUP004,Brand C,Bottoms,3700,0,2026-07-06,2026-09-05,,330000
DEMO-PO-0042,DEMO-ST-042,SUP001,Brand C,Outerwear,2200,0,2025-11-27,2026-01-28,,570000
DEMO-PO-0043,DEMO-ST-043,SUP002,Brand C,Bottoms,800,0,2026-05-14,2026-07-25,,330000
DEMO-PO-0044,DEMO-ST-044,SUP007,Brand C,Bottoms,2300,0,2026-06-24,2026-08-19,,330000
DEMO-PO-0045,DEMO-ST-045,SUP002,Brand A,Tops,3000,3000,2026-01-09,2026-03-22,2026-03-28,210000
DEMO-PO-0046,DEMO-ST-046,SUP003,Brand C,Tops,800,800,2026-03-09,2026-05-17,2026-05-10,210000
DEMO-PO-0047,DEMO-ST-047,SUP007,Brand C,Outerwear,2000,1000,2026-04-20,2026-06-15,2026-06-07,570000
DEMO-PO-0048,DEMO-ST-048,SUP007,Brand B,Bottoms,900,0,2026-09-27,2026-11-22,,330000
DEMO-PO-0049,DEMO-ST-049,SUP001,Brand B,Tops,2400,0,2026-06-20,2026-08-21,,210000
DEMO-PO-0050,DEMO-ST-050,SUP008,Brand A,Bottoms,700,0,2026-09-10,2026-11-17,,330000
DEMO-PO-0051,DEMO-ST-051,SUP005,Brand B,Tops,3900,0,2026-07-13,2026-10-10,,210000
DEMO-PO-0052,DEMO-ST-052,SUP005,Brand A,Bottoms,3400,0,2026-05-04,2026-08-01,,330000
DEMO-PO-0053,DEMO-ST-053,SUP005,Brand B,Bottoms,2300,1150,2025-10-05,2026-01-02,2026-01-20,330000
DEMO-PO-0054,DEMO-ST-054,SUP007,Brand B,Bottoms,3400,0,2025-11-28,2026-01-23,,330000
DEMO-PO-0055,DEMO-ST-055,SUP008,Brand A,Outerwear,1300,0,2025-11-01,2026-01-08,,570000
DEMO-PO-0056,DEMO-ST-056,SUP001,Brand C,Tops,1900,0,2026-09-12,2026-11-13,,210000
DEMO-PO-0057,DEMO-ST-057,SUP005,Brand B,Tops,2400,2400,2025-10-18,2026-01-15,2026-02-01,210000
DEMO-PO-0058,DEMO-ST-058,SUP008,Brand B,Bottoms,3300,0,2026-09-16,2026-11-23,,330000
DEMO-PO-0059,DEMO-ST-059,SUP006,Brand C,Bottoms,3100,0,2026-08-07,2026-10-28,,330000
DEMO-PO-0060,DEMO-ST-060,SUP006,Brand A,Bottoms,2200,0,2026-08-01,2026-10-22,,330000
DEMO-PO-0061,DEMO-ST-061,SUP006,Brand C,Outerwear,1600,1600,2026-01-31,2026-04-23,2026-05-04,570000
DEMO-PO-0062,DEMO-ST-062,SUP003,Brand C,Tops,3800,0,2026-02-03,2026-04-13,,210000
DEMO-PO-0063,DEMO-ST-063,SUP007,Brand B,Bottoms,900,0,2026-08-18,2026-10-13,,330000
DEMO-PO-0064,DEMO-ST-064,SUP008,Brand A,Outerwear,3900,0,2025-11-06,2026-01-13,,570000
DEMO-PO-0065,DEMO-ST-065,SUP003,Brand C,Bottoms,2700,0,2026-05-10,2026-07-18,,330000
DEMO-PO-0066,DEMO-ST-066,SUP008,Brand C,Bottoms,1000,500,2026-02-22,2026-05-01,2026-05-14,330000
DEMO-PO-0067,DEMO-ST-067,SUP004,Brand B,Outerwear,1700,1700,2025-12-06,2026-02-05,2026-02-15,570000
DEMO-PO-0068,DEMO-ST-068,SUP004,Brand A,Bottoms,500,0,2026-08-29,2026-10-29,,330000
DEMO-PO-0069,DEMO-ST-069,SUP002,Brand C,Outerwear,1800,0,2026-06-09,2026-08-20,,570000
DEMO-PO-0070,DEMO-ST-070,SUP007,Brand C,Tops,3500,0,2026-10-23,2026-12-18,,210000
DEMO-PO-0071,DEMO-ST-071,SUP006,Brand B,Outerwear,3700,0,2026-04-24,2026-07-15,,570000
DEMO-PO-0072,DEMO-ST-072,SUP002,Brand C,Bottoms,2400,1200,2026-03-30,2026-06-10,2026-06-23,330000
DEMO-PO-0073,DEMO-ST-073,SUP002,Brand C,Bottoms,3100,0,2026-05-19,2026-07-30,,330000
DEMO-PO-0074,DEMO-ST-074,SUP006,Brand C,Bottoms,4000,4000,2025-12-08,2026-02-28,2026-02-27,330000
DEMO-PO-0075,DEMO-ST-075,SUP007,Brand B,Tops,500,500,2025-12-11,2026-02-05,2026-01-30,210000
DEMO-PO-0076,DEMO-ST-076,SUP007,Brand B,Outerwear,3200,0,2026-07-12,2026-09-06,,570000
DEMO-PO-0077,DEMO-ST-077,SUP005,Brand A,Tops,2900,2900,2025-10-27,2026-01-24,2026-02-04,210000
DEMO-PO-0078,DEMO-ST-078,SUP006,Brand B,Bottoms,600,300,2025-11-16,2026-02-06,2026-02-11,330000
DEMO-PO-0079,DEMO-ST-079,SUP002,Brand C,Bottoms,2900,2900,2026-02-22,2026-05-05,2026-05-13,330000
DEMO-PO-0080,DEMO-ST-080,SUP003,Brand A,Tops,1500,1500,2026-03-04,2026-05-12,2026-05-23,210000
DEMO-PO-0081,DEMO-ST-001,SUP005,Brand B,Outerwear,700,700,2026-02-21,2026-05-21,2026-05-24,570000
DEMO-PO-0082,DEMO-ST-002,SUP006,Brand A,Bottoms,3600,0,2026-08-16,2026-11-06,,330000
DEMO-PO-0083,DEMO-ST-003,SUP004,Brand C,Bottoms,3200,0,2026-10-29,2026-12-29,,330000
DEMO-PO-0084,DEMO-ST-004,SUP006,Brand C,Bottoms,1000,1000,2025-11-13,2026-02-03,2026-02-12,330000
DEMO-PO-0085,DEMO-ST-005,SUP002,Brand C,Outerwear,2800,2800,2026-03-28,2026-06-08,2026-06-20,570000
DEMO-PO-0086,DEMO-ST-006,SUP008,Brand A,Tops,1200,1200,2026-01-31,2026-04-09,2026-04-05,210000
DEMO-PO-0087,DEMO-ST-007,SUP003,Brand B,Tops,3000,0,2026-06-05,2026-08-13,,210000
DEMO-PO-0088,DEMO-ST-008,SUP006,Brand B,Outerwear,3200,0,2026-09-23,2026-12-14,,570000
DEMO-PO-0089,DEMO-ST-009,SUP001,Brand C,Bottoms,2700,0,2026-09-24,2026-11-25,,330000
DEMO-PO-0090,DEMO-ST-010,SUP003,Brand B,Tops,1800,0,2026-06-04,2026-08-12,,210000
DEMO-PO-0091,DEMO-ST-011,SUP006,Brand B,Tops,600,0,2025-12-24,2026-03-16,,210000
DEMO-PO-0092,DEMO-ST-012,SUP002,Brand C,Tops,2300,2300,2026-03-17,2026-05-28,2026-05-23,210000
DEMO-PO-0093,DEMO-ST-013,SUP003,Brand C,Outerwear,900,0,2026-09-29,2026-12-07,,570000
DEMO-PO-0094,DEMO-ST-014,SUP001,Brand B,Bottoms,2700,0,2026-09-21,2026-11-22,,330000
DEMO-PO-0095,DEMO-ST-015,SUP001,Brand C,Outerwear,2500,0,2026-04-29,2026-06-30,,570000
DEMO-PO-0096,DEMO-ST-016,SUP004,Brand B,Bottoms,2300,2300,2025-11-22,2026-01-22,2026-01-30,330000
DEMO-PO-0097,DEMO-ST-017,SUP003,Brand B,Outerwear,3500,0,2026-07-05,2026-09-12,,570000
DEMO-PO-0098,DEMO-ST-018,SUP006,Brand C,Tops,2400,2400,2025-12-02,2026-02-22,2026-03-07,210000
DEMO-PO-0099,DEMO-ST-019,SUP003,Brand C,Tops,3200,3200,2025-11-08,2026-01-16,2026-01-09,210000
DEMO-PO-0100,DEMO-ST-020,SUP006,Brand A,Bottoms,1900,0,2026-09-08,2026-11-29,,330000
DEMO-PO-0101,DEMO-ST-021,SUP005,Brand A,Bottoms,1600,0,2026-09-24,2026-12-22,,330000
DEMO-PO-0102,DEMO-ST-022,SUP005,Brand A,Tops,1500,1500,2026-03-06,2026-06-03,2026-06-20,210000
DEMO-PO-0103,DEMO-ST-023,SUP008,Brand C,Bottoms,3000,0,2026-07-21,2026-09-27,,330000
DEMO-PO-0104,DEMO-ST-024,SUP003,Brand A,Bottoms,3600,0,2025-12-29,2026-03-08,,330000
DEMO-PO-0105,DEMO-ST-025,SUP002,Brand C,Outerwear,1400,0,2026-07-05,2026-09-15,,570000
DEMO-PO-0106,DEMO-ST-026,SUP005,Brand B,Tops,4000,0,2026-09-02,2026-11-30,,210000
DEMO-PO-0107,DEMO-ST-027,SUP005,Brand A,Tops,700,0,2026-05-24,2026-08-21,,210000
DEMO-PO-0108,DEMO-ST-028,SUP002,Brand A,Tops,3300,3300,2026-04-02,2026-06-13,2026-06-08,210000
DEMO-PO-0109,DEMO-ST-029,SUP008,Brand A,Bottoms,3500,0,2026-07-07,2026-09-13,,330000
DEMO-PO-0110,DEMO-ST-030,SUP008,Brand B,Outerwear,400,400,2026-03-20,2026-05-27,2026-06-15,570000
DEMO-PO-0111,DEMO-ST-031,SUP005,Brand A,Outerwear,1100,0,2026-08-19,2026-11-16,,570000
DEMO-PO-0112,DEMO-ST-032,SUP007,Brand A,Tops,600,0,2026-07-20,2026-09-14,,210000
DEMO-PO-0113,DEMO-ST-033,SUP006,Brand C,Bottoms,2300,2300,2026-01-02,2026-03-25,2026-04-04,330000
DEMO-PO-0114,DEMO-ST-034,SUP004,Brand B,Outerwear,3400,3400,2025-11-27,2026-01-27,2026-01-24,570000
DEMO-PO-0115,DEMO-ST-035,SUP001,Brand A,Tops,3700,0,2026-10-27,2026-12-28,,210000
DEMO-PO-0116,DEMO-ST-036,SUP006,Brand C,Outerwear,2000,0,2026-09-22,2026-12-13,,570000
DEMO-PO-0117,DEMO-ST-037,SUP006,Brand C,Bottoms,3900,0,2026-06-13,2026-09-03,,330000
DEMO-PO-0118,DEMO-ST-038,SUP006,Brand C,Outerwear,2000,0,2026-05-25,2026-08-15,,570000
DEMO-PO-0119,DEMO-ST-039,SUP004,Brand A,Tops,700,0,2026-09-23,2026-11-23,,210000
DEMO-PO-0120,DEMO-ST-040,SUP008,Brand B,Tops,2200,0,2026-09-23,2026-11-30,,210000
DEMO-PO-0121,DEMO-ST-041,SUP001,Brand C,Bottoms,1500,0,2026-05-22,2026-07-23,,330000
DEMO-PO-0122,DEMO-ST-042,SUP008,Brand B,Tops,1100,1100,2026-03-13,2026-05-20,2026-05-22,210000
DEMO-PO-0123,DEMO-ST-043,SUP003,Brand A,Bottoms,2400,2400,2026-01-03,2026-03-13,2026-04-03,330000
DEMO-PO-0124,DEMO-ST-044,SUP005,Brand B,Tops,2200,0,2026-09-22,2026-12-20,,210000
DEMO-PO-0125,DEMO-ST-045,SUP008,Brand A,Outerwear,1700,0,2026-07-27,2026-10-03,,570000
DEMO-PO-0126,DEMO-ST-046,SUP002,Brand B,Outerwear,3600,3600,2025-11-21,2026-02-01,2026-01-30,570000
DEMO-PO-0127,DEMO-ST-047,SUP008,Brand B,Bottoms,500,0,2026-10-04,2026-12-11,,330000
DEMO-PO-0128,DEMO-ST-048,SUP001,Brand C,Bottoms,600,600,2025-12-05,2026-02-05,2026-02-06,330000
DEMO-PO-0129,DEMO-ST-049,SUP003,Brand B,Tops,500,500,2026-02-15,2026-04-25,2026-04-26,210000
DEMO-PO-0130,DEMO-ST-050,SUP002,Brand A,Outerwear,600,600,2025-12-11,2026-02-21,2026-02-27,570000
DEMO-PO-0131,DEMO-ST-051,SUP006,Brand B,Bottoms,1300,1300,2026-02-09,2026-05-02,2026-05-15,330000
DEMO-PO-0132,DEMO-ST-052,SUP007,Brand A,Bottoms,2800,2800,2026-01-21,2026-03-18,2026-03-15,330000
DEMO-PO-0133,DEMO-ST-053,SUP002,Brand C,Bottoms,900,0,2026-06-08,2026-08-19,,330000
DEMO-PO-0134,DEMO-ST-054,SUP008,Brand A,Bottoms,2300,0,2026-02-08,2026-04-17,,330000
DEMO-PO-0135,DEMO-ST-055,SUP006,Brand B,Bottoms,2700,0,2026-03-17,2026-06-07,,330000
DEMO-PO-0136,DEMO-ST-056,SUP007,Brand A,Tops,1600,1600,2026-04-06,2026-06-01,2026-06-03,210000
DEMO-PO-0137,DEMO-ST-057,SUP001,Brand C,Tops,800,0,2026-07-26,2026-09-26,,210000
DEMO-PO-0138,DEMO-ST-058,SUP001,Brand C,Outerwear,3400,0,2026-09-12,2026-11-13,,570000
DEMO-PO-0139,DEMO-ST-059,SUP001,Brand A,Outerwear,3100,0,2026-07-15,2026-09-15,,570000
DEMO-PO-0140,DEMO-ST-060,SUP002,Brand A,Bottoms,3300,0,2026-04-30,2026-07-11,,330000
DEMO-PO-0141,DEMO-ST-061,SUP002,Brand C,Bottoms,2500,0,2026-07-03,2026-09-13,,330000
DEMO-PO-0142,DEMO-ST-062,SUP001,Brand A,Outerwear,2100,2100,2025-12-08,2026-02-08,2026-02-28,570000
DEMO-PO-0143,DEMO-ST-063,SUP006,Brand C,Outerwear,1200,0,2026-04-25,2026-07-16,,570000
DEMO-PO-0144,DEMO-ST-064,SUP006,Brand B,Outerwear,2100,0,2025-10-26,2026-01-16,,570000
DEMO-PO-0145,DEMO-ST-065,SUP003,Brand B,Outerwear,1300,0,2026-05-06,2026-07-14,,570000
DEMO-PO-0146,DEMO-ST-066,SUP007,Brand B,Tops,900,900,2025-12-28,2026-02-22,2026-02-25,210000
DEMO-PO-0147,DEMO-ST-067,SUP005,Brand B,Bottoms,1300,1300,2026-02-18,2026-05-18,2026-05-12,330000
DEMO-PO-0148,DEMO-ST-068,SUP007,Brand C,Bottoms,2500,2500,2026-04-23,2026-06-18,2026-06-23,330000
DEMO-PO-0149,DEMO-ST-069,SUP004,Brand C,Bottoms,2100,2100,2026-04-16,2026-06-16,2026-07-04,330000
DEMO-PO-0150,DEMO-ST-070,SUP007,Brand C,Bottoms,1200,0,2026-10-16,2026-12-11,,330000
DEMO-PO-0151,DEMO-ST-071,SUP007,Brand C,Outerwear,3000,0,2026-08-06,2026-10-01,,570000
DEMO-PO-0152,DEMO-ST-072,SUP003,Brand C,Outerwear,600,0,2026-09-20,2026-11-28,,570000
DEMO-PO-0153,DEMO-ST-073,SUP004,Brand C,Outerwear,3700,0,2026-07-20,2026-09-19,,570000
DEMO-PO-0154,DEMO-ST-074,SUP001,Brand B,Tops,2200,0,2026-07-05,2026-09-05,,210000
DEMO-PO-0155,DEMO-ST-075,SUP002,Brand B,Outerwear,3200,0,2026-06-02,2026-08-13,,570000
DEMO-PO-0156,DEMO-ST-076,SUP003,Brand C,Outerwear,3100,3100,2026-04-11,2026-06-19,2026-07-11,570000
DEMO-PO-0157,DEMO-ST-077,SUP002,Brand A,Tops,3800,0,2026-08-12,2026-10-23,,210000
DEMO-PO-0158,DEMO-ST-078,SUP007,Brand B,Tops,2600,0,2026-09-02,2026-10-28,,210000
DEMO-PO-0159,DEMO-ST-079,SUP002,Brand B,Bottoms,1100,1100,2026-02-20,2026-05-03,2026-04-30,330000
DEMO-PO-0160,DEMO-ST-080,SUP008,Brand A,Tops,2600,0,2026-09-07,2026-11-14,,210000
DEMO-PO-0161,DEMO-ST-001,SUP008,Brand C,Tops,900,0,2026-07-02,2026-09-08,,210000
DEMO-PO-0162,DEMO-ST-002,SUP002,Brand C,Tops,2100,0,2026-08-10,2026-10-21,,210000
DEMO-PO-0163,DEMO-ST-003,SUP002,Brand A,Tops,2300,0,2026-09-20,2026-12-01,,210000
DEMO-PO-0164,DEMO-ST-004,SUP007,Brand A,Outerwear,1200,1200,2026-01-29,2026-03-26,2026-04-12,570000
DEMO-PO-0165,DEMO-ST-005,SUP007,Brand A,Bottoms,1200,0,2025-12-06,2026-01-31,,330000
DEMO-PO-0166,DEMO-ST-006,SUP005,Brand B,Bottoms,3300,0,2026-09-24,2026-12-22,,330000
DEMO-PO-0167,DEMO-ST-007,SUP007,Brand B,Bottoms,1700,1700,2026-02-25,2026-04-22,2026-04-29,330000
DEMO-PO-0168,DEMO-ST-008,SUP007,Brand B,Outerwear,1200,1200,2026-02-17,2026-04-14,2026-05-04,570000
DEMO-PO-0169,DEMO-ST-009,SUP002,Brand C,Outerwear,1800,1800,2025-12-27,2026-03-09,2026-03-17,570000
DEMO-PO-0170,DEMO-ST-010,SUP003,Brand C,Tops,1300,1300,2026-05-07,2026-07-15,2026-07-09,210000
DEMO-PO-0171,DEMO-ST-011,SUP007,Brand A,Bottoms,2400,0,2026-05-04,2026-06-29,,330000
DEMO-PO-0172,DEMO-ST-012,SUP001,Brand A,Bottoms,2800,2800,2026-03-02,2026-05-03,2026-04-28,330000
DEMO-PO-0173,DEMO-ST-013,SUP002,Brand A,Outerwear,800,800,2025-10-29,2026-01-09,2026-01-01,570000
DEMO-PO-0174,DEMO-ST-014,SUP002,Brand C,Tops,1300,0,2026-07-09,2026-09-19,,210000
DEMO-PO-0175,DEMO-ST-015,SUP002,Brand C,Tops,3300,0,2026-05-31,2026-08-11,,210000
DEMO-PO-0176,DEMO-ST-016,SUP003,Brand A,Tops,2100,0,2026-05-02,2026-07-10,,210000
DEMO-PO-0177,DEMO-ST-017,SUP003,Brand A,Tops,2000,0,2026-04-30,2026-07-08,,210000
DEMO-PO-0178,DEMO-ST-018,SUP001,Brand A,Outerwear,3000,0,2026-08-10,2026-10-11,,570000
DEMO-PO-0179,DEMO-ST-019,SUP001,Brand A,Tops,3700,0,2026-01-30,2026-04-02,,210000
DEMO-PO-0180,DEMO-ST-020,SUP004,Brand A,Bottoms,3500,0,2026-06-26,2026-08-26,,330000
DEMO-PO-0181,DEMO-ST-021,SUP001,Brand A,Bottoms,2300,0,2026-10-02,2026-12-03,,330000
DEMO-PO-0182,DEMO-ST-022,SUP007,Brand C,Bottoms,3300,0,2026-10-30,2026-12-25,,330000
DEMO-PO-0183,DEMO-ST-023,SUP003,Brand C,Bottoms,2000,2000,2026-02-22,2026-05-02,2026-05-21,330000
DEMO-PO-0184,DEMO-ST-024,SUP002,Brand B,Bottoms,1700,0,2026-07-22,2026-10-02,,330000
DEMO-PO-0185,DEMO-ST-025,SUP006,Brand C,Tops,1900,1900,2025-12-25,2026-03-17,2026-04-08,210000
DEMO-PO-0186,DEMO-ST-026,SUP001,Brand C,Tops,1600,1600,2026-02-21,2026-04-24,2026-05-12,210000
DEMO-PO-0187,DEMO-ST-027,SUP008,Brand A,Tops,4000,4000,2025-11-19,2026-01-26,2026-01-31,210000
DEMO-PO-0188,DEMO-ST-028,SUP008,Brand C,Tops,2100,2100,2025-11-25,2026-02-01,2026-02-05,210000
DEMO-PO-0189,DEMO-ST-029,SUP001,Brand B,Outerwear,1800,0,2026-04-12,2026-06-13,,570000
DEMO-PO-0190,DEMO-ST-030,SUP007,Brand C,Tops,1500,1500,2026-05-06,2026-07-01,2026-06-30,210000
DEMO-PO-0191,DEMO-ST-031,SUP002,Brand C,Tops,1800,1800,2025-11-18,2026-01-29,2026-01-21,210000
DEMO-PO-0192,DEMO-ST-032,SUP007,Brand B,Tops,2500,0,2026-09-02,2026-10-28,,210000
DEMO-PO-0193,DEMO-ST-033,SUP006,Brand A,Outerwear,1500,1500,2026-02-02,2026-04-25,2026-04-29,570000
DEMO-PO-0194,DEMO-ST-034,SUP008,Brand C,Bottoms,800,800,2026-01-05,2026-03-14,2026-03-13,330000
DEMO-PO-0195,DEMO-ST-035,SUP001,Brand A,Bottoms,3000,0,2026-05-16,2026-07-17,,330000
DEMO-PO-0196,DEMO-ST-036,SUP001,Brand A,Tops,2400,0,2026-03-30,2026-05-31,,210000
DEMO-PO-0197,DEMO-ST-037,SUP007,Brand C,Tops,1000,1000,2026-01-25,2026-03-22,2026-03-24,210000
DEMO-PO-0198,DEMO-ST-038,SUP002,Brand C,Outerwear,3400,3400,2026-03-20,2026-05-31,2026-05-29,570000
DEMO-PO-0199,DEMO-ST-039,SUP006,Brand B,Bottoms,600,600,2026-01-14,2026-04-06,2026-04-06,330000
DEMO-PO-0200,DEMO-ST-040,SUP007,Brand C,Outerwear,3400,0,2026-08-07,2026-10-02,,570000
DEMO-PO-0201,DEMO-ST-041,SUP003,Brand A,Bottoms,1500,0,2025-12-24,2026-03-03,,330000
DEMO-PO-0202,DEMO-ST-042,SUP006,Brand C,Outerwear,3300,0,2026-03-01,2026-05-22,,570000
DEMO-PO-0203,DEMO-ST-043,SUP005,Brand B,Bottoms,3000,0,2026-07-05,2026-10-02,,330000
DEMO-PO-0204,DEMO-ST-044,SUP007,Brand B,Bottoms,2500,2500,2025-11-25,2026-01-20,2026-02-03,330000
DEMO-PO-0205,DEMO-ST-045,SUP006,Brand A,Outerwear,3000,3000,2026-02-25,2026-05-18,2026-05-29,570000
DEMO-PO-0206,DEMO-ST-046,SUP001,Brand A,Tops,1600,1600,2026-01-27,2026-03-30,2026-04-17,210000
DEMO-PO-0207,DEMO-ST-047,SUP008,Brand B,Outerwear,2600,0,2026-08-21,2026-10-28,,570000
DEMO-PO-0208,DEMO-ST-048,SUP004,Brand C,Outerwear,1800,1800,2026-02-22,2026-04-24,2026-05-07,570000
DEMO-PO-0209,DEMO-ST-049,SUP005,Brand B,Bottoms,2600,0,2026-05-08,2026-08-05,,330000
DEMO-PO-0210,DEMO-ST-050,SUP005,Brand C,Outerwear,1000,500,2026-03-05,2026-06-02,2026-06-09,570000
DEMO-PO-0211,DEMO-ST-051,SUP001,Brand B,Bottoms,2200,0,2026-10-01,2026-12-02,,330000
DEMO-PO-0212,DEMO-ST-052,SUP005,Brand C,Outerwear,3900,3900,2025-12-30,2026-03-29,2026-03-26,570000
DEMO-PO-0213,DEMO-ST-053,SUP005,Brand A,Tops,3400,0,2026-05-29,2026-08-26,,210000
DEMO-PO-0214,DEMO-ST-054,SUP003,Brand B,Tops,2500,0,2026-01-02,2026-03-12,,210000
DEMO-PO-0215,DEMO-ST-055,SUP003,Brand A,Tops,3500,0,2026-08-15,2026-10-23,,210000
DEMO-PO-0216,DEMO-ST-056,SUP004,Brand C,Tops,2400,0,2026-05-11,2026-07-11,,210000
DEMO-PO-0217,DEMO-ST-057,SUP005,Brand C,Bottoms,3700,3700,2026-03-01,2026-05-29,2026-06-09,330000
DEMO-PO-0218,DEMO-ST-058,SUP001,Brand A,Outerwear,1400,0,2026-08-28,2026-10-29,,570000
DEMO-PO-0219,DEMO-ST-059,SUP002,Brand C,Tops,700,0,2026-09-20,2026-12-01,,210000
DEMO-PO-0220,DEMO-ST-060,SUP007,Brand B,Tops,3700,0,2026-10-10,2026-12-05,,210000
DEMO-PO-0221,DEMO-ST-061,SUP002,Brand B,Tops,1600,0,2026-07-02,2026-09-12,,210000
DEMO-PO-0222,DEMO-ST-062,SUP006,Brand C,Tops,400,400,2026-02-08,2026-05-01,2026-05-14,210000
DEMO-PO-0223,DEMO-ST-063,SUP003,Brand A,Bottoms,2700,2700,2025-11-13,2026-01-21,2026-02-07,330000
DEMO-PO-0224,DEMO-ST-064,SUP006,Brand B,Tops,2900,0,2026-01-12,2026-04-04,,210000
DEMO-PO-0225,DEMO-ST-065,SUP008,Brand C,Outerwear,2800,2800,2026-01-25,2026-04-03,2026-04-19,570000
DEMO-PO-0226,DEMO-ST-066,SUP004,Brand C,Bottoms,3700,0,2026-10-09,2026-12-09,,330000
DEMO-PO-0227,DEMO-ST-067,SUP001,Brand A,Outerwear,1400,1400,2025-11-05,2026-01-06,2026-01-14,570000
DEMO-PO-0228,DEMO-ST-068,SUP008,Brand C,Bottoms,3200,3200,2025-12-09,2026-02-15,2026-02-17,330000
DEMO-PO-0229,DEMO-ST-069,SUP006,Brand B,Tops,3300,3300,2025-11-07,2026-01-28,2026-01-30,210000
DEMO-PO-0230,DEMO-ST-070,SUP001,Brand A,Bottoms,1200,1200,2026-01-23,2026-03-26,2026-04-13,330000
DEMO-PO-0231,DEMO-ST-071,SUP002,Brand A,Bottoms,3600,0,2026-06-08,2026-08-19,,330000
DEMO-PO-0232,DEMO-ST-072,SUP003,Brand C,Tops,2800,1400,2025-12-28,2026-03-07,2026-03-20,210000
DEMO-PO-0233,DEMO-ST-073,SUP005,Brand C,Outerwear,2400,0,2026-09-28,2026-12-26,,570000
DEMO-PO-0234,DEMO-ST-074,SUP006,Brand C,Tops,2600,0,2026-10-09,2026-12-30,,210000
DEMO-PO-0235,DEMO-ST-075,SUP002,Brand A,Bottoms,1300,1300,2025-11-02,2026-01-13,2026-01-06,330000
DEMO-PO-0236,DEMO-ST-076,SUP007,Brand B,Outerwear,2200,1100,2026-03-07,2026-05-02,2026-05-16,570000
DEMO-PO-0237,DEMO-ST-077,SUP004,Brand A,Bottoms,3200,0,2026-02-08,2026-04-10,,330000
DEMO-PO-0238,DEMO-ST-078,SUP003,Brand C,Tops,2400,1200,2025-11-13,2026-01-21,2026-02-01,210000
DEMO-PO-0239,DEMO-ST-079,SUP007,Brand B,Bottoms,1800,1800,2025-12-23,2026-02-17,2026-03-09,330000
DEMO-PO-0240,DEMO-ST-080,SUP006,Brand C,Tops,2800,2800,2026-04-24,2026-07-15,2026-07-15,210000
DEMO-PO-0241,DEMO-ST-001,SUP001,Brand C,Tops,1700,0,2026-09-16,2026-11-17,,210000
DEMO-PO-0242,DEMO-ST-002,SUP001,Brand A,Outerwear,2500,0,2026-06-23,2026-08-24,,570000
DEMO-PO-0243,DEMO-ST-003,SUP007,Brand C,Tops,2800,2800,2026-04-16,2026-06-11,2026-06-24,210000
DEMO-PO-0244,DEMO-ST-004,SUP001,Brand A,Tops,3800,0,2026-06-30,2026-08-31,,210000
DEMO-PO-0245,DEMO-ST-005,SUP003,Brand A,Tops,400,400,2025-12-26,2026-03-05,2026-03-15,210000
DEMO-PO-0246,DEMO-ST-006,SUP003,Brand C,Outerwear,700,0,2026-10-02,2026-12-10,,570000
DEMO-PO-0247,DEMO-ST-007,SUP006,Brand A,Tops,1900,1900,2026-04-11,2026-07-02,2026-06-27,210000
DEMO-PO-0248,DEMO-ST-008,SUP004,Brand C,Outerwear,3100,3100,2026-02-22,2026-04-24,2026-04-24,570000
DEMO-PO-0249,DEMO-ST-009,SUP004,Brand C,Outerwear,800,800,2026-03-15,2026-05-15,2026-05-30,570000
DEMO-PO-0250,DEMO-ST-010,SUP005,Brand A,Bottoms,3600,3600,2025-12-11,2026-03-10,2026-03-18,330000
DEMO-PO-0251,DEMO-ST-011,SUP008,Brand B,Tops,1800,0,2026-04-26,2026-07-03,,210000
DEMO-PO-0252,DEMO-ST-012,SUP005,Brand B,Outerwear,3800,3800,2026-02-15,2026-05-15,2026-05-25,570000
DEMO-PO-0253,DEMO-ST-013,SUP001,Brand A,Tops,3200,0,2026-07-14,2026-09-14,,210000
DEMO-PO-0254,DEMO-ST-014,SUP006,Brand B,Bottoms,3400,3400,2025-12-08,2026-02-28,2026-03-07,330000
DEMO-PO-0255,DEMO-ST-015,SUP007,Brand C,Outerwear,500,0,2026-09-08,2026-11-03,,570000
DEMO-PO-0256,DEMO-ST-016,SUP004,Brand C,Outerwear,1300,0,2026-05-30,2026-07-30,,570000
DEMO-PO-0257,DEMO-ST-017,SUP004,Brand A,Outerwear,3000,0,2026-07-26,2026-09-25,,570000
DEMO-PO-0258,DEMO-ST-018,SUP003,Brand C,Outerwear,400,0,2026-08-28,2026-11-05,,570000
DEMO-PO-0259,DEMO-ST-019,SUP007,Brand A,Outerwear,4000,4000,2026-05-04,2026-06-29,2026-06-24,570000
DEMO-PO-0260,DEMO-ST-020,SUP006,Brand A,Bottoms,1000,0,2026-05-08,2026-07-29,,330000
DEMO-PO-0261,DEMO-ST-021,SUP008,Brand C,Bottoms,3900,1950,2026-01-24,2026-04-02,2026-04-11,330000
DEMO-PO-0262,DEMO-ST-022,SUP001,Brand C,Bottoms,400,400,2026-01-21,2026-03-24,2026-04-10,330000
DEMO-PO-0263,DEMO-ST-023,SUP003,Brand A,Bottoms,3200,0,2026-09-16,2026-11-24,,330000
DEMO-PO-0264,DEMO-ST-024,SUP004,Brand B,Tops,600,0,2026-09-11,2026-11-11,,210000
DEMO-PO-0265,DEMO-ST-025,SUP004,Brand A,Tops,800,0,2026-07-24,2026-09-23,,210000
DEMO-PO-0266,DEMO-ST-026,SUP001,Brand B,Tops,3000,3000,2026-03-13,2026-05-14,2026-05-22,210000
DEMO-PO-0267,DEMO-ST-027,SUP008,Brand B,Bottoms,500,0,2026-10-08,2026-12-15,,330000
DEMO-PO-0268,DEMO-ST-028,SUP001,Brand B,Bottoms,1900,0,2026-10-24,2026-12-25,,330000
DEMO-PO-0269,DEMO-ST-029,SUP004,Brand C,Bottoms,1500,0,2026-08-21,2026-10-21,,330000
DEMO-PO-0270,DEMO-ST-030,SUP004,Brand A,Outerwear,2600,2600,2026-03-08,2026-05-08,2026-05-04,570000
DEMO-PO-0271,DEMO-ST-031,SUP005,Brand A,Tops,4000,0,2026-04-25,2026-07-23,,210000
DEMO-PO-0272,DEMO-ST-032,SUP001,Brand C,Outerwear,1700,1700,2025-11-06,2026-01-07,2026-01-11,570000
DEMO-PO-0273,DEMO-ST-033,SUP007,Brand A,Bottoms,1500,1500,2026-03-29,2026-05-24,2026-06-03,330000
DEMO-PO-0274,DEMO-ST-034,SUP006,Brand C,Bottoms,2000,0,2026-06-17,2026-09-07,,330000
DEMO-PO-0275,DEMO-ST-035,SUP006,Brand B,Bottoms,2700,2700,2026-02-21,2026-05-14,2026-05-23,330000
DEMO-PO-0276,DEMO-ST-036,SUP008,Brand A,Bottoms,2200,2200,2025-12-04,2026-02-10,2026-02-16,330000
DEMO-PO-0277,DEMO-ST-037,SUP005,Brand B,Bottoms,3700,0,2026-05-19,2026-08-16,,330000
DEMO-PO-0278,DEMO-ST-038,SUP002,Brand A,Bottoms,3900,3900,2025-11-22,2026-02-02,2026-01-26,330000
DEMO-PO-0279,DEMO-ST-039,SUP006,Brand B,Bottoms,3300,3300,2026-03-26,2026-06-16,2026-07-05,330000
DEMO-PO-0280,DEMO-ST-040,SUP008,Brand C,Bottoms,3000,3000,2026-03-31,2026-06-07,2026-06-07,330000
DEMO-PO-0281,DEMO-ST-041,SUP004,Brand B,Outerwear,2700,2700,2025-11-04,2026-01-04,2026-01-02,570000
DEMO-PO-0282,DEMO-ST-042,SUP005,Brand A,Tops,800,0,2026-05-03,2026-07-31,,210000
DEMO-PO-0283,DEMO-ST-043,SUP002,Brand A,Bottoms,1200,1200,2026-03-14,2026-05-25,2026-06-08,330000
DEMO-PO-0284,DEMO-ST-044,SUP008,Brand C,Tops,2000,2000,2026-01-25,2026-04-03,2026-04-21,210000
DEMO-PO-0285,DEMO-ST-045,SUP003,Brand C,Outerwear,600,0,2026-09-11,2026-11-19,,570000
DEMO-PO-0286,DEMO-ST-046,SUP004,Brand A,Bottoms,2400,0,2026-09-21,2026-11-21,,330000
DEMO-PO-0287,DEMO-ST-047,SUP003,Brand B,Tops,1900,1900,2026-05-02,2026-07-10,2026-07-07,210000
DEMO-PO-0288,DEMO-ST-048,SUP006,Brand A,Outerwear,1600,0,2026-05-23,2026-08-13,,570000
DEMO-PO-0289,DEMO-ST-049,SUP006,Brand C,Outerwear,3300,0,2026-03-25,2026-06-15,,570000
DEMO-PO-0290,DEMO-ST-050,SUP003,Brand A,Outerwear,2700,2700,2025-11-02,2026-01-10,2026-01-26,570000
DEMO-PO-0291,DEMO-ST-051,SUP002,Brand A,Tops,1500,1500,2025-11-12,2026-01-23,2026-02-11,210000
DEMO-PO-0292,DEMO-ST-052,SUP004,Brand B,Bottoms,900,0,2026-10-02,2026-12-02,,330000
DEMO-PO-0293,DEMO-ST-053,SUP001,Brand A,Bottoms,800,800,2025-12-06,2026-02-06,2026-02-28,330000
DEMO-PO-0294,DEMO-ST-054,SUP006,Brand A,Bottoms,3100,0,2026-09-21,2026-12-12,,330000
DEMO-PO-0295,DEMO-ST-055,SUP006,Brand B,Outerwear,2400,2400,2026-03-21,2026-06-11,2026-06-30,570000
DEMO-PO-0296,DEMO-ST-056,SUP001,Brand A,Outerwear,500,250,2026-03-25,2026-05-26,2026-06-03,570000
DEMO-PO-0297,DEMO-ST-057,SUP003,Brand B,Bottoms,2700,2700,2026-01-02,2026-03-12,2026-04-01,330000
DEMO-PO-0298,DEMO-ST-058,SUP005,Brand B,Outerwear,4000,4000,2025-10-23,2026-01-20,2026-01-24,570000
DEMO-PO-0299,DEMO-ST-059,SUP006,Brand A,Outerwear,1800,0,2026-06-25,2026-09-15,,570000
DEMO-PO-0300,DEMO-ST-060,SUP007,Brand C,Bottoms,1300,1300,2026-04-03,2026-05-29,2026-05-25,330000
DEMO-PO-0301,DEMO-ST-061,SUP004,Brand C,Tops,2100,2100,2026-03-05,2026-05-05,2026-05-21,210000
DEMO-PO-0302,DEMO-ST-062,SUP008,Brand A,Tops,3200,0,2026-09-09,2026-11-16,,210000
DEMO-PO-0303,DEMO-ST-063,SUP003,Brand B,Tops,2500,2500,2026-03-20,2026-05-28,2026-06-11,210000
DEMO-PO-0304,DEMO-ST-064,SUP001,Brand B,Tops,700,700,2026-03-10,2026-05-11,2026-05-12,210000
DEMO-PO-0305,DEMO-ST-065,SUP007,Brand B,Outerwear,1000,0,2026-07-24,2026-09-18,,570000
DEMO-PO-0306,DEMO-ST-066,SUP005,Brand B,Bottoms,2900,2900,2026-03-23,2026-06-20,2026-07-05,330000
DEMO-PO-0307,DEMO-ST-067,SUP006,Brand A,Outerwear,1200,0,2026-04-30,2026-07-21,,570000
DEMO-PO-0308,DEMO-ST-068,SUP003,Brand A,Outerwear,1600,0,2026-08-17,2026-10-25,,570000
DEMO-PO-0309,DEMO-ST-069,SUP002,Brand A,Outerwear,1100,0,2026-08-02,2026-10-13,,570000
DEMO-PO-0310,DEMO-ST-070,SUP003,Brand C,Tops,1200,600,2026-01-28,2026-04-07,2026-04-04,210000
DEMO-PO-0311,DEMO-ST-071,SUP007,Brand A,Bottoms,1200,0,2026-07-15,2026-09-09,,330000
DEMO-PO-0312,DEMO-ST-072,SUP003,Brand C,Outerwear,3500,0,2026-06-05,2026-08-13,,570000
DEMO-PO-0313,DEMO-ST-073,SUP001,Brand B,Tops,3200,0,2026-07-24,2026-09-24,,210000
DEMO-PO-0314,DEMO-ST-074,SUP001,Brand B,Bottoms,3200,0,2026-02-05,2026-04-08,,330000
DEMO-PO-0315,DEMO-ST-075,SUP003,Brand B,Bottoms,2400,0,2026-05-13,2026-07-21,,330000
DEMO-PO-0316,DEMO-ST-076,SUP002,Brand C,Outerwear,2800,0,2026-07-16,2026-09-26,,570000
DEMO-PO-0317,DEMO-ST-077,SUP003,Brand B,Tops,1500,1500,2026-01-15,2026-03-25,2026-04-10,210000
DEMO-PO-0318,DEMO-ST-078,SUP001,Brand A,Bottoms,1900,0,2026-09-07,2026-11-08,,330000
DEMO-PO-0319,DEMO-ST-079,SUP005,Brand A,Outerwear,3900,0,2026-08-17,2026-11-14,,570000
DEMO-PO-0320,DEMO-ST-080,SUP006,Brand A,Tops,1000,0,2025-11-24,2026-02-14,,210000
DEMO-PO-0321,DEMO-ST-001,SUP007,Brand C,Bottoms,3900,3900,2025-12-10,2026-02-04,2026-01-29,330000
DEMO-PO-0322,DEMO-ST-002,SUP005,Brand B,Outerwear,2400,0,2026-05-10,2026-08-07,,570000
DEMO-PO-0323,DEMO-ST-003,SUP005,Brand C,Tops,1100,1100,2026-01-11,2026-04-10,2026-04-02,210000
DEMO-PO-0324,DEMO-ST-004,SUP005,Brand B,Outerwear,3900,3900,2026-03-06,2026-06-03,2026-06-05,570000
DEMO-PO-0325,DEMO-ST-005,SUP008,Brand B,Outerwear,3300,0,2026-01-12,2026-03-21,,570000
DEMO-PO-0326,DEMO-ST-006,SUP006,Brand C,Tops,2100,1050,2025-11-13,2026-02-03,2026-02-21,210000
DEMO-PO-0327,DEMO-ST-007,SUP008,Brand A,Bottoms,3200,0,2026-02-23,2026-05-02,,330000
DEMO-PO-0328,DEMO-ST-008,SUP005,Brand C,Tops,1000,0,2026-03-20,2026-06-17,,210000
DEMO-PO-0329,DEMO-ST-009,SUP001,Brand A,Outerwear,2300,2300,2025-12-22,2026-02-22,2026-02-14,570000
DEMO-PO-0330,DEMO-ST-010,SUP004,Brand B,Bottoms,3900,0,2026-08-05,2026-10-05,,330000
DEMO-PO-0331,DEMO-ST-011,SUP008,Brand A,Tops,500,0,2025-11-19,2026-01-26,,210000
DEMO-PO-0332,DEMO-ST-012,SUP002,Brand A,Outerwear,1200,0,2026-06-16,2026-08-27,,570000
DEMO-PO-0333,DEMO-ST-013,SUP006,Brand B,Tops,2500,0,2026-04-29,2026-07-20,,210000
DEMO-PO-0334,DEMO-ST-014,SUP002,Brand C,Outerwear,800,800,2026-04-05,2026-06-16,2026-07-03,570000
DEMO-PO-0335,DEMO-ST-015,SUP004,Brand C,Outerwear,800,0,2026-01-28,2026-03-30,,570000
DEMO-PO-0336,DEMO-ST-016,SUP007,Brand C,Bottoms,700,700,2026-04-22,2026-06-17,2026-06-11,330000
DEMO-PO-0337,DEMO-ST-017,SUP006,Brand B,Outerwear,2300,0,2026-03-13,2026-06-03,,570000
DEMO-PO-0338,DEMO-ST-018,SUP001,Brand A,Outerwear,2600,0,2026-10-26,2026-12-27,,570000
DEMO-PO-0339,DEMO-ST-019,SUP007,Brand B,Tops,1500,0,2026-08-12,2026-10-07,,210000
DEMO-PO-0340,DEMO-ST-020,SUP001,Brand B,Outerwear,500,500,2025-12-06,2026-02-06,2026-02-02,570000
DEMO-PO-0341,DEMO-ST-021,SUP004,Brand C,Bottoms,400,400,2026-02-04,2026-04-06,2026-04-16,330000
DEMO-PO-0342,DEMO-ST-022,SUP005,Brand C,Outerwear,900,0,2026-05-30,2026-08-27,,570000
DEMO-PO-0343,DEMO-ST-023,SUP001,Brand B,Bottoms,3600,0,2026-06-28,2026-08-29,,330000
DEMO-PO-0344,DEMO-ST-024,SUP005,Brand B,Outerwear,3400,3400,2025-11-04,2026-02-01,2026-02-11,570000
DEMO-PO-0345,DEMO-ST-025,SUP002,Brand C,Tops,1300,0,2026-08-26,2026-11-06,,210000
DEMO-PO-0346,DEMO-ST-026,SUP002,Brand B,Outerwear,1300,650,2026-01-03,2026-03-16,2026-04-03,570000
DEMO-PO-0347,DEMO-ST-027,SUP005,Brand A,Outerwear,3800,0,2026-06-04,2026-09-01,,570000
DEMO-PO-0348,DEMO-ST-028,SUP001,Brand C,Outerwear,2600,2600,2025-12-19,2026-02-19,2026-03-13,570000
DEMO-PO-0349,DEMO-ST-029,SUP003,Brand B,Outerwear,400,400,2026-04-02,2026-06-10,2026-06-23,570000
DEMO-PO-0350,DEMO-ST-030,SUP004,Brand C,Outerwear,1100,0,2026-09-03,2026-11-03,,570000
DEMO-PO-0351,DEMO-ST-031,SUP005,Brand B,Bottoms,800,400,2026-03-03,2026-05-31,2026-06-12,330000
DEMO-PO-0352,DEMO-ST-032,SUP005,Brand A,Bottoms,800,0,2026-01-03,2026-04-02,,330000
DEMO-PO-0353,DEMO-ST-033,SUP005,Brand A,Tops,3500,0,2026-05-20,2026-08-17,,210000
DEMO-PO-0354,DEMO-ST-034,SUP008,Brand C,Bottoms,800,0,2026-06-05,2026-08-12,,330000
DEMO-PO-0355,DEMO-ST-035,SUP006,Brand B,Bottoms,900,0,2026-07-11,2026-10-01,,330000
DEMO-PO-0356,DEMO-ST-036,SUP002,Brand B,Outerwear,2600,0,2026-09-08,2026-11-19,,570000
DEMO-PO-0357,DEMO-ST-037,SUP008,Brand C,Tops,3800,0,2026-05-12,2026-07-19,,210000
DEMO-PO-0358,DEMO-ST-038,SUP008,Brand C,Outerwear,1300,0,2026-10-07,2026-12-14,,570000
DEMO-PO-0359,DEMO-ST-039,SUP004,Brand A,Outerwear,1200,0,2026-10-26,2026-12-26,,570000
DEMO-PO-0360,DEMO-ST-040,SUP002,Brand C,Bottoms,1800,1800,2025-12-18,2026-02-28,2026-02-22,330000
