order_id,line,start_date,end_date
DEMO-PO-0001,SUP004-L2,2026-08-22,2026-09-13
DEMO-PO-0002,SUP007-L3,2026-05-26,2026-06-21
DEMO-PO-0003,SUP006-L1,2026-09-28,2026-10-20
DEMO-PO-0004,SUP003-L3,2026-06-16,2026-07-06
DEMO-PO-0005,SUP001-L3,2026-03-29,2026-04-25
DEMO-PO-0006,SUP007-L2,2026-06-15,2026-07-02
DEMO-PO-0007,SUP002-L3,2026-11-28,2026-12-13
DEMO-PO-0008,SUP002-L1,2026-10-14,2026-11-14
DEMO-PO-0009,SUP002-L1,2026-05-31,2026-07-02
DEMO-PO-0010,SUP004-L1,2026-05-05,2026-06-06
DEMO-PO-0011,SUP002-L1,2026-08-19,2026-09-18
DEMO-PO-0012,SUP002-L1,2026-11-13,2026-12-01
DEMO-PO-0013,SUP004-L1,2026-03-04,2026-04-05
DEMO-PO-0014,SUP008-L2,2026-08-03,2026-09-01
DEMO-PO-0015,SUP004-L1,2026-04-28,2026-05-29
DEMO-PO-0016,SUP004-L2,2026-09-26,2026-10-21
DEMO-PO-0017,SUP007-L1,2026-02-16,2026-03-06
DEMO-PO-0018,SUP003-L2,2026-07-09,2026-08-10
DEMO-PO-0019,SUP005-L1,2026-05-06,2026-05-22
DEMO-PO-0020,SUP008-L3,2026-09-18,2026-10-07
DEMO-PO-0021,SUP003-L2,2026-07-21,2026-08-06
DEMO-PO-0022,SUP003-L2,2026-04-07,2026-04-29
DEMO-PO-0023,SUP008-L3,2026-05-31,2026-06-26
DEMO-PO-0024,SUP005-L2,2025-12-27,2026-01-17
DEMO-PO-0025,SUP002-L3,2026-11-10,2026-12-04
DEMO-PO-0026,SUP003-L1,2026-03-13,2026-04-06
DEMO-PO-0027,SUP003-L3,2026-11-09,2026-12-01
DEMO-PO-0028,SUP001-L2,2025-12-25,2026-01-21
DEMO-PO-0029,SUP008-L3,2025-12-25,2026-01-23
DEMO-PO-0030,SUP004-L1,2026-10-27,2026-11-20
DEMO-PO-0031,SUP002-L1,2026-02-21,2026-03-09
DEMO-PO-0032,SUP001-L2,2026-06-05,2026-06-27
DEMO-PO-0033,SUP008-L2,2026-02-13,2026-03-04
DEMO-PO-0034,SUP007-L1,2026-04-21,2026-05-07
DEMO-PO-0035,SUP004-L1,2026-08-06,2026-08-24
DEMO-PO-0036,SUP007-L2,2026-03-24,2026-04-09
DEMO-PO-0037,SUP002-L3,2026-07-15,2026-08-07
DEMO-PO-0038,SUP006-L1,2026-04-08,2026-05-03
DEMO-PO-0039,SUP004-L2,2026-01-24,2026-02-10
DEMO-PO-0040,SUP007-L2,2026-09-15,2026-10-06
DEMO-PO-0041,SUP004-L2,2026-08-11,2026-09-02
DEMO-PO-0042,SUP001-L2,2026-01-01,2026-01-25
DEMO-PO-0043,SUP002-L1,2026-06-28,2026-07-22
DEMO-PO-0044,SUP007-L1,2026-07-29,2026-08-16
DEMO-PO-0045,SUP002-L1,2026-02-18,2026-03-19
DEMO-PO-0046,SUP003-L3,2026-04-15,2026-05-14
DEMO-PO-0047,SUP007-L3,2026-05-20,2026-06-12
DEMO-PO-0048,SUP007-L2,2026-10-30,2026-11-19
DEMO-PO-0049,SUP001-L1,2026-07-18,2026-08-18
DEMO-PO-0050,SUP008-L1,2026-10-15,2026-11-14
DEMO-PO-0051,SUP005-L1,2026-09-08,2026-10-07
DEMO-PO-0052,SUP005-L3,2026-06-28,2026-07-29
DEMO-PO-0053,SUP005-L3,2025-12-05,2025-12-30
DEMO-PO-0054,SUP007-L2,2026-01-01,2026-01-20
DEMO-PO-0055,SUP008-L3,2025-12-09,2026-01-05
DEMO-PO-0056,SUP001-L2,2026-10-24,2026-11-10
DEMO-PO-0057,SUP005-L1,2025-12-23,2026-01-12
DEMO-PO-0058,SUP008-L3,2026-10-27,2026-11-20
DEMO-PO-0059,SUP006-L2,2026-09-28,2026-10-25
DEMO-PO-0060,SUP006-L3,2026-10-03,2026-10-19
DEMO-PO-0061,SUP006-L2,2026-04-04,2026-04-20
DEMO-PO-0062,SUP003-L2,2026-03-11,2026-04-10
DEMO-PO-0063,SUP007-L3,2026-09-17,2026-10-10
DEMO-PO-0064,SUP008-L3,2025-12-17,2026-01-10
DEMO-PO-0065,SUP003-L2,2026-06-26,2026-07-15
DEMO-PO-0066,SUP008-L2,2026-04-10,2026-04-28
DEMO-PO-0067,SUP004-L1,2026-01-10,2026-02-02
DEMO-PO-0068,SUP004-L3,2026-10-08,2026-10-26
DEMO-PO-0069,SUP002-L2,2026-07-17,2026-08-17
DEMO-PO-0070,SUP007-L1,2026-11-26,2026-12-15
DEMO-PO-0071,SUP006-L3,2026-06-24,2026-07-12
DEMO-PO-0072,SUP002-L2,2026-05-21,2026-06-07
DEMO-PO-0073,SUP002-L3,2026-07-09,2026-07-27
DEMO-PO-0074,SUP006-L1,2026-02-02,2026-02-25
DEMO-PO-0075,SUP007-L3,2026-01-08,2026-02-02
DEMO-PO-0076,SUP007-L1,2026-08-06,2026-09-03
DEMO-PO-0077,SUP005-L1,2026-01-03,2026-01-21
DEMO-PO-0078,SUP006-L2,2026-01-06,2026-02-03
DEMO-PO-0079,SUP002-L3,2026-04-01,2026-05-02
DEMO-PO-0080,SUP003-L3,2026-04-10,2026-05-09
DEMO-PO-0081,SUP005-L3,2026-05-01,2026-05-18
DEMO-PO-0082,SUP006-L3,2026-10-09,2026-11-03
DEMO-PO-0083,SUP004-L2,2026-12-02,2026-12-26
DEMO-PO-0084,SUP006-L2,2026-01-12,2026-01-31
DEMO-PO-0085,SUP002-L1,2026-05-05,2026-06-05
DEMO-PO-0086,SUP008-L1,2026-03-06,2026-04-06
DEMO-PO-0087,SUP003-L3,2026-07-17,2026-08-10
DEMO-PO-0088,SUP006-L1,2026-11-13,2026-12-11
DEMO-PO-0089,SUP001-L2,2026-11-04,2026-11-22
DEMO-PO-0090,SUP003-L3,2026-07-13,2026-08-09
DEMO-PO-0091,SUP006-L3,2026-02-12,2026-03-13
DEMO-PO-0092,SUP002-L1,2026-04-23,2026-05-25
DEMO-PO-0093,SUP003-L3,2026-11-03,2026-12-04
DEMO-PO-0094,SUP001-L3,2026-10-28,2026-11-19
DEMO-PO-0095,SUP001-L3,2026-05-28,2026-06-27
DEMO-PO-0096,SUP004-L1,2025-12-24,2026-01-19
DEMO-PO-0097,SUP003-L1,2026-08-12,2026-09-09
DEMO-PO-0098,SUP006-L3,2026-02-03,2026-02-19
DEMO-PO-0099,SUP003-L3,2025-12-25,2026-01-13
DEMO-PO-0100,SUP006-L1,2026-10-25,2026-11-26
DEMO-PO-0101,SUP005-L1,2026-11-20,2026-12-19
DEMO-PO-0102,SUP005-L3,2026-05-05,2026-05-31
DEMO-PO-0103,SUP008-L2,2026-08-26,2026-09-24
DEMO-PO-0104,SUP003-L2,2026-02-11,2026-03-05
DEMO-PO-0105,SUP002-L3,2026-08-18,2026-09-12
DEMO-PO-0106,SUP005-L2,2026-10-26,2026-11-27
DEMO-PO-0107,SUP005-L2,2026-07-30,2026-08-18
DEMO-PO-0108,SUP002-L1,2026-05-13,2026-06-10
DEMO-PO-0109,SUP008-L1,2026-08-19,2026-09-10
DEMO-PO-0110,SUP008-L1,2026-04-27,2026-05-24
DEMO-PO-0111,SUP005-L3,2026-10-19,2026-11-13
DEMO-PO-0112,SUP007-L1,2026-08-13,2026-09-11
DEMO-PO-0113,SUP006-L2,2026-03-07,2026-03-22
DEMO-PO-0114,SUP004-L1,2026-01-06,2026-01-24
DEMO-PO-0115,SUP001-L2,2026-11-28,2026-12-25
DEMO-PO-0116,SUP006-L1,2026-11-16,2026-12-10
DEMO-PO-0117,SUP006-L2,2026-08-04,2026-08-31
DEMO-PO-0118,SUP006-L3,2026-07-11,2026-08-12
DEMO-PO-0119,SUP004-L1,2026-11-01,2026-11-20
DEMO-PO-0120,SUP008-L3,2026-11-05,2026-11-27
DEMO-PO-0121,SUP001-L2,2026-07-05,2026-07-20
DEMO-PO-0122,SUP008-L3,2026-04-23,2026-05-17
DEMO-PO-0123,SUP003-L2,2026-02-23,2026-03-10
DEMO-PO-0124,SUP005-L2,2026-11-28,2026-12-17
DEMO-PO-0125,SUP008-L2,2026-08-30,2026-09-30
DEMO-PO-0126,SUP002-L1,2025-12-30,2026-01-29
DEMO-PO-0127,SUP008-L1,2026-11-21,2026-12-08
DEMO-PO-0128,SUP001-L2,2026-01-06,2026-02-02
DEMO-PO-0129,SUP003-L1,2026-03-27,2026-04-22
DEMO-PO-0130,SUP002-L1,2026-01-17,2026-02-18
DEMO-PO-0131,SUP006-L3,2026-04-09,2026-04-29
DEMO-PO-0132,SUP007-L3,2026-02-27,2026-03-15
DEMO-PO-0133,SUP002-L1,2026-07-31,2026-08-16
DEMO-PO-0134,SUP008-L1,2026-03-15,2026-04-14
DEMO-PO-0135,SUP006-L1,2026-05-10,2026-06-04
DEMO-PO-0136,SUP007-L2,2026-05-06,2026-05-29
DEMO-PO-0137,SUP001-L1,2026-09-01,2026-09-23
DEMO-PO-0138,SUP001-L1,2026-10-26,2026-11-10
DEMO-PO-0139,SUP001-L3,2026-08-22,2026-09-12
DEMO-PO-0140,SUP002-L3,2026-06-21,2026-07-08
DEMO-PO-0141,SUP002-L1,2026-08-25,2026-09-10
DEMO-PO-0142,SUP001-L3,2026-01-17,2026-02-05
DEMO-PO-0143,SUP006-L1,2026-06-27,2026-07-13
DEMO-PO-0144,SUP006-L3,2025-12-24,2026-01-13
DEMO-PO-0145,SUP003-L2,2026-06-17,2026-07-11
DEMO-PO-0146,SUP007-L3,2026-02-02,2026-02-19
DEMO-PO-0147,SUP005-L3,2026-04-23,2026-05-15
DEMO-PO-0148,SUP007-L2,2026-05-25,2026-06-15
DEMO-PO-0149,SUP004-L1,2026-05-12,2026-06-13
DEMO-PO-0150,SUP007-L2,2026-11-10,2026-12-08
DEMO-PO-0151,SUP007-L3,2026-08-27,2026-09-28
DEMO-PO-0152,SUP003-L2,2026-10-31,2026-11-25
DEMO-PO-0153,SUP004-L2,2026-08-20,2026-09-16
DEMO-PO-0154,SUP001-L2,2026-08-14,2026-09-02
DEMO-PO-0155,SUP002-L2,2026-07-26,2026-08-10
DEMO-PO-0156,SUP003-L3,2026-06-01,2026-06-16
DEMO-PO-0157,SUP002-L3,2026-09-20,2026-10-20
DEMO-PO-0158,SUP007-L3,2026-10-01,2026-10-25
DEMO-PO-0159,SUP002-L2,2026-04-10,2026-04-30
DEMO-PO-0160,SUP008-L3,2026-10-10,2026-11-11
DEMO-PO-0161,SUP008-L1,2026-08-13,2026-09-05
DEMO-PO-0162,SUP002-L3,2026-10-02,2026-10-18
DEMO-PO-0163,SUP002-L1,2026-10-30,2026-11-28
DEMO-PO-0164,SUP007-L2,2026-03-03,2026-03-23
DEMO-PO-0165,SUP007-L2,2026-01-01,2026-01-28
DEMO-PO-0166,SUP005-L3,2026-12-02,2026-12-19
DEMO-PO-0167,SUP007-L3,2026-03-25,2026-04-19
DEMO-PO-0168,SUP007-L1,2026-03-22,2026-04-11
DEMO-PO-0169,SUP002-L2,2026-02-15,2026-03-06
DEMO-PO-0170,SUP003-L2,2026-06-23,2026-07-12
DEMO-PO-0171,SUP007-L3,2026-06-02,2026-06-26
DEMO-PO-0172,SUP001-L1,2026-04-05,2026-04-30
DEMO-PO-0173,SUP002-L2,2025-12-06,2026-01-06
DEMO-PO-0174,SUP002-L2,2026-08-30,2026-09-16
DEMO-PO-0175,SUP002-L1,2026-07-19,2026-08-08
DEMO-PO-0176,SUP003-L3,2026-06-14,2026-07-07
DEMO-PO-0177,SUP003-L1,2026-06-04,2026-07-05
DEMO-PO-0178,SUP001-L1,2026-09-15,2026-10-08
DEMO-PO-0179,SUP001-L2,2026-03-06,2026-03-30
DEMO-PO-0180,SUP004-L1,2026-08-04,2026-08-23
DEMO-PO-0181,SUP001-L1,2026-11-14,2026-11-30
DEMO-PO-0182,SUP007-L1,2026-11-25,2026-12-22
DEMO-PO-0183,SUP003-L1,2026-04-07,2026-04-29
DEMO-PO-0184,SUP002-L3,2026-09-09,2026-09-29
DEMO-PO-0185,SUP006-L2,2026-02-15,2026-03-14
DEMO-PO-0186,SUP001-L1,2026-04-04,2026-04-21
DEMO-PO-0187,SUP008-L2,2026-01-03,2026-01-23
DEMO-PO-0188,SUP008-L2,2026-01-14,2026-01-29
DEMO-PO-0189,SUP001-L1,2026-05-19,2026-06-10
DEMO-PO-0190,SUP007-L3,2026-06-02,2026-06-28
DEMO-PO-0191,SUP002-L1,2026-01-01,2026-01-26
DEMO-PO-0192,SUP007-L3,2026-09-27,2026-10-25
DEMO-PO-0193,SUP006-L3,2026-03-26,2026-04-22
DEMO-PO-0194,SUP008-L2,2026-02-14,2026-03-11
DEMO-PO-0195,SUP001-L2,2026-06-12,2026-07-14
DEMO-PO-0196,SUP001-L3,2026-05-11,2026-05-28
DEMO-PO-0197,SUP007-L2,2026-02-23,2026-03-19
DEMO-PO-0198,SUP002-L2,2026-05-04,2026-05-28
DEMO-PO-0199,SUP006-L1,2026-03-16,2026-04-03
DEMO-PO-0200,SUP007-L3,2026-09-13,2026-09-29
DEMO-PO-0201,SUP003-L1,2026-01-31,2026-02-28
DEMO-PO-0202,SUP006-L1,2026-04-21,2026-05-19
DEMO-PO-0203,SUP005-L1,2026-09-13,2026-09-29
DEMO-PO-0204,SUP007-L2,2025-12-24,2026-01-17
DEMO-PO-0205,SUP006-L2,2026-04-14,2026-05-15
DEMO-PO-0206,SUP001-L3,2026-02-26,2026-03-27
DEMO-PO-0207,SUP008-L2,2026-10-08,2026-10-25
DEMO-PO-0208,SUP004-L2,2026-04-06,2026-04-21
DEMO-PO-0209,SUP005-L3,2026-07-06,2026-08-02
DEMO-PO-0210,SUP005-L1,2026-05-06,2026-05-30
DEMO-PO-0211,SUP001-L2,2026-11-08,2026-11-29
DEMO-PO-0212,SUP005-L3,2026-03-06,2026-03-26
DEMO-PO-0213,SUP005-L2,2026-08-06,2026-08-23
DEMO-PO-0214,SUP003-L2,2026-02-20,2026-03-09
DEMO-PO-0215,SUP003-L2,2026-09-22,2026-10-20
DEMO-PO-0216,SUP004-L1,2026-06-16,2026-07-08
DEMO-PO-0217,SUP005-L1,2026-04-30,2026-05-26
DEMO-PO-0218,SUP001-L3,2026-10-03,2026-10-26
DEMO-PO-0219,SUP002-L2,2026-11-05,2026-11-28
DEMO-PO-0220,SUP007-L3,2026-11-14,2026-12-02
DEMO-PO-0221,SUP002-L2,2026-08-12,2026-09-09
DEMO-PO-0222,SUP006-L1,2026-03-28,2026-04-28
DEMO-PO-0223,SUP003-L3,2025-12-30,2026-01-18
DEMO-PO-0224,SUP006-L3,2026-03-04,2026-04-01
DEMO-PO-0225,SUP008-L2,2026-03-01,2026-03-31
DEMO-PO-0226,SUP004-L2,2026-11-14,2026-12-06
DEMO-PO-0227,SUP001-L1,2025-12-11,2026-01-03
DEMO-PO-0228,SUP008-L1,2026-01-11,2026-02-12
DEMO-PO-0229,SUP006-L3,2026-01-07,2026-01-25
DEMO-PO-0230,SUP001-L1,2026-02-24,2026-03-23
DEMO-PO-0231,SUP002-L2,2026-07-15,2026-08-16
DEMO-PO-0232,SUP003-L2,2026-02-10,2026-03-04
DEMO-PO-0233,SUP005-L3,2026-12-02,2026-12-23
DEMO-PO-0234,SUP006-L3,2026-11-29,2026-12-27
DEMO-PO-0235,SUP002-L3,2025-12-25,2026-01-10
DEMO-PO-0236,SUP007-L1,2026-03-28,2026-04-29
DEMO-PO-0237,SUP004-L1,2026-03-11,2026-04-07
DEMO-PO-0238,SUP003-L2,2025-12-17,2026-01-18
DEMO-PO-0239,SUP007-L3,2026-01-15,2026-02-14
DEMO-PO-0240,SUP006-L2,2026-06-13,2026-07-12
DEMO-PO-0241,SUP001-L1,2026-10-27,2026-11-14
DEMO-PO-0242,SUP001-L1,2026-07-20,2026-08-21
DEMO-PO-0243,SUP007-L2,2026-05-22,2026-06-08
DEMO-PO-0244,SUP001-L2,2026-07-27,2026-08-28
DEMO-PO-0245,SUP003-L1,2026-02-04,2026-03-02
DEMO-PO-0246,SUP003-L2,2026-11-20,2026-12-07
DEMO-PO-0247,SUP006-L3,2026-06-05,2026-06-29
DEMO-PO-0248,SUP004-L2,2026-03-28,2026-04-21
DEMO-PO-0249,SUP004-L1,2026-04-21,2026-05-12
DEMO-PO-0250,SUP005-L3,2026-02-15,2026-03-07
DEMO-PO-0251,SUP008-L3,2026-06-09,2026-06-30
DEMO-PO-0252,SUP005-L2,2026-04-19,2026-05-12
DEMO-PO-0253,SUP001-L1,2026-08-23,2026-09-11
DEMO-PO-0254,SUP006-L1,2026-02-05,2026-02-25
DEMO-PO-0255,SUP007-L2,2026-10-10,2026-10-31
DEMO-PO-0256,SUP004-L1,2026-07-04,2026-07-27
DEMO-PO-0257,SUP004-L3,2026-09-06,2026-09-22
DEMO-PO-0258,SUP003-L3,2026-10-17,2026-11-02
DEMO-PO-0259,SUP007-L2,2026-05-25,2026-06-26
DEMO-PO-0260,SUP006-L2,2026-06-24,2026-07-26
DEMO-PO-0261,SUP008-L3,2026-03-12,2026-03-30
DEMO-PO-0262,SUP001-L3,2026-03-04,2026-03-21
DEMO-PO-0263,SUP003-L1,2026-10-28,2026-11-21
DEMO-PO-0264,SUP004-L2,2026-10-16,2026-11-08
DEMO-PO-0265,SUP004-L2,2026-08-25,2026-09-20
DEMO-PO-0266,SUP001-L3,2026-04-18,2026-05-11
DEMO-PO-0267,SUP008-L3,2026-11-20,2026-12-12
DEMO-PO-0268,SUP001-L3,2026-12-05,2026-12-22
DEMO-PO-0269,SUP004-L1,2026-09-27,2026-10-18
DEMO-PO-0270,SUP004-L1,2026-04-03,2026-05-05
DEMO-PO-0271,SUP005-L1,2026-06-18,2026-07-20
DEMO-PO-0272,SUP001-L2,2025-12-12,2026-01-04
DEMO-PO-0273,SUP007-L2,2026-04-19,2026-05-21
DEMO-PO-0274,SUP006-L1,2026-08-15,2026-09-04
DEMO-PO-0275,SUP006-L3,2026-04-20,2026-05-11
DEMO-PO-0276,SUP008-L1,2026-01-11,2026-02-07
DEMO-PO-0277,SUP005-L3,2026-07-22,2026-08-13
DEMO-PO-0278,SUP002-L2,2026-01-03,2026-01-30
DEMO-PO-0279,SUP006-L3,2026-05-15,2026-06-13
DEMO-PO-0280,SUP008-L3,2026-05-05,2026-06-04
DEMO-PO-0281,SUP004-L1,2025-12-05,2026-01-01
DEMO-PO-0282,SUP005-L2,2026-06-29,2026-07-28
DEMO-PO-0283,SUP002-L2,2026-04-28,2026-05-22
DEMO-PO-0284,SUP008-L1,2026-03-15,2026-03-31
DEMO-PO-0285,SUP003-L1,2026-10-23,2026-11-16
DEMO-PO-0286,SUP004-L1,2026-10-27,2026-11-18
DEMO-PO-0287,SUP003-L2,2026-06-21,2026-07-07
DEMO-PO-0288,SUP006-L2,2026-07-25,2026-08-10
DEMO-PO-0289,SUP006-L2,2026-05-24,2026-06-12
DEMO-PO-0290,SUP003-L3,2025-12-07,2026-01-07
DEMO-PO-0291,SUP002-L3,2025-12-21,2026-01-20
DEMO-PO-0292,SUP004-L2,2026-11-01,2026-11-29
DEMO-PO-0293,SUP001-L3,2026-01-03,2026-02-03
DEMO-PO-0294,SUP006-L3,2026-11-14,2026-12-09
DEMO-PO-0295,SUP006-L1,2026-05-07,2026-06-08
DEMO-PO-0296,SUP001-L3,2026-05-08,2026-05-23
DEMO-PO-0297,SUP003-L3,2026-02-20,2026-03-09
DEMO-PO-0298,SUP005-L1,2025-12-30,2026-01-17
DEMO-PO-0299,SUP006-L3,2026-08-14,2026-09-12
DEMO-PO-0300,SUP007-L2,2026-04-25,2026-05-26
DEMO-PO-0301,SUP004-L1,2026-04-06,2026-05-02
DEMO-PO-0302,SUP008-L3,2026-10-25,2026-11-13
DEMO-PO-0303,SUP003-L3,2026-05-04,2026-05-25
DEMO-PO-0304,SUP001-L3,2026-04-11,2026-05-08
DEMO-PO-0305,SUP007-L3,2026-08-25,2026-09-15
DEMO-PO-0306,SUP005-L2,2026-05-17,2026-06-17
DEMO-PO-0307,SUP006-L2,2026-06-26,2026-07-18
DEMO-PO-0308,SUP003-L2,2026-10-03,2026-10-22
DEMO-PO-0309,SUP002-L2,2026-09-15,2026-10-10
DEMO-PO-0310,SUP003-L1,2026-03-13,2026-04-04
DEMO-PO-0311,SUP007-L2,2026-08-22,2026-09-06
DEMO-PO-0312,SUP003-L1,2026-07-14,2026-08-10
DEMO-PO-0313,SUP001-L3,2026-08-21,2026-09-21
DEMO-PO-0314,SUP001-L3,2026-03-20,2026-04-05
DEMO-PO-0315,SUP003-L2,2026-06-27,2026-07-18
DEMO-PO-0316,SUP002-L3,2026-08-27,2026-09-23
DEMO-PO-0317,SUP003-L1,2026-03-02,2026-03-22
DEMO-PO-0318,SUP001-L3,2026-10-19,2026-11-05
DEMO-PO-0319,SUP005-L1,2026-10-26,2026-11-11
DEMO-PO-0320,SUP006-L1,2026-01-10,2026-02-11
DEMO-PO-0321,SUP007-L3,2026-01-11,2026-02-01
DEMO-PO-0322,SUP005-L3,2026-07-16,2026-08-04
DEMO-PO-0323,SUP005-L1,2026-03-10,2026-04-07
DEMO-PO-0324,SUP005-L1,2026-05-16,2026-05-31
DEMO-PO-0325,SUP008-L3,2026-03-02,2026-03-18
DEMO-PO-0326,SUP006-L3,2026-01-11,2026-01-31
DEMO-PO-0327,SUP008-L1,2026-04-13,2026-04-29
DEMO-PO-0328,SUP005-L2,2026-05-16,2026-06-14
DEMO-PO-0329,SUP001-L2,2026-01-25,2026-02-19
DEMO-PO-0330,SUP004-L1,2026-09-10,2026-10-02
DEMO-PO-0331,SUP008-L3,2026-01-03,2026-01-23
DEMO-PO-0332,SUP002-L2,2026-07-26,2026-08-24
DEMO-PO-0333,SUP006-L2,2026-06-21,2026-07-17
DEMO-PO-0334,SUP002-L2,2026-05-14,2026-06-13
DEMO-PO-0335,SUP004-L3,2026-03-02,2026-03-27
DEMO-PO-0336,SUP007-L3,2026-05-26,2026-06-14
DEMO-PO-0337,SUP006-L3,2026-05-16,2026-05-31
DEMO-PO-0338,SUP001-L3,2026-11-27,2026-12-24
DEMO-PO-0339,SUP007-L2,2026-09-08,2026-10-04
DEMO-PO-0340,SUP001-L2,2026-01-06,2026-02-03
DEMO-PO-0341,SUP004-L1,2026-03-08,2026-04-03
DEMO-PO-0342,SUP005-L3,2026-08-07,2026-08-24
DEMO-PO-0343,SUP001-L2,2026-08-02,2026-08-26
DEMO-PO-0344,SUP005-L1,2026-01-12,2026-01-29
DEMO-PO-0345,SUP002-L2,2026-10-12,2026-11-03
DEMO-PO-0346,SUP002-L3,2026-02-20,2026-03-13
DEMO-PO-0347,SUP005-L3,2026-08-10,2026-08-29
DEMO-PO-0348,SUP001-L2,2026-01-29,2026-02-16
DEMO-PO-0349,SUP003-L3,2026-05-16,2026-06-07
DEMO-PO-0350,SUP004-L3,2026-10-04,2026-10-31
DEMO-PO-0351,SUP005-L1,2026-05-05,2026-05-28
DEMO-PO-0352,SUP005-L3,2026-03-11,2026-03-30
DEMO-PO-0353,SUP005-L2,2026-07-18,2026-08-14
DEMO-PO-0354,SUP008-L1,2026-07-10,2026-08-09
DEMO-PO-0355,SUP006-L1,2026-08-27,2026-09-28
DEMO-PO-0356,SUP002-L1,2026-10-28,2026-11-16
DEMO-PO-0357,SUP008-L1,2026-06-17,2026-07-16
DEMO-PO-0358,SUP008-L2,2026-11-22,2026-12-11
DEMO-PO-0359,SUP004-L2,2026-12-05,2026-12-23
DEMO-PO-0360,SUP002-L1,2026-01-24,2026-02-25
